cop	version	category	risk	description
Bundler/GemComment	1.88.0	Changes	LOW-rename	Rename inconsistently named cop parameters to follow RuboCop's conventions (the old names are deprecated but still work): `Bundler/GemComment`'s `IgnoredGems` to `AllowedGems`, `Lint/NumberConversion`'s `IgnoredClasses` to `AllowedClasses`, `Lint/MissingCopEnableDirective`'s `MaximumRangeSize` to `MaxRangeSize`, `Metrics/CollectionLiteralLength`'s `LengthThreshold` to `Max`, and `Style/FetchEnvVar`'s `AllowedVars` to `AllowedVariables`.
Bundler/GemComment	1.88.1	Bug fixes	HIGH-crash/hang	Fix a crash for `Bundler/GemComment` with a non-literal gem option key.
Bundler/OrderedGems	1.88.1	Bug fixes	HIGH-autocorrect	Fix an incorrect autocorrect for `Bundler/OrderedGems` and `Gemspec/OrderedDependencies` when the last declaration has no trailing newline, which joined two declarations into a single line.
Bundler/OrderedGems	1.91.0	Changes	LOW-other	Disable `Style/IfUnlessModifier`, `Style/GuardClause`, `Style/Next`, `Style/ClassAndModuleChildren`, `Style/DoubleNegation`, `Style/NumericPredicate`, `Style/SpecialGlobalVars`, `Style/PerlBackrefs`, `Style/FrozenStringLiteralComment`, `Style/FormatStringToken`, `Style/FormatString`, `Style/RegexpLiteral`, `Style/SignalException`, `Style/Lambda`, `Style/ParallelAssignment`, `Style/RaiseArgs`, `Style/ModuleFunction`, `Style/BlockDelimiters`, `Style/NumericLiterals`, `Style/NegatedIf`, `Naming/VariableNumber`, `Naming/HeredocDelimiterNaming`, `Layout/EmptyLineAfterGuardClause` and `Bundler/OrderedGems` under `Preview`, ahead of them being disabled by default in RuboCop 2.0.
Gemspec/DevelopmentDependencies	1.88.1	Bug fixes	HIGH-crash/hang	Fix a crash for `Gemspec/DevelopmentDependencies` when `AllowedGems` is nil.
Gemspec/DuplicatedAssignment	1.88.2	Bug fixes	MED-fp/fn	Fix a false positive for `Gemspec/DuplicatedAssignment` with multiple specifications.
Gemspec/OrderedDependencies	1.88.1	Bug fixes	HIGH-autocorrect	Fix an incorrect autocorrect for `Bundler/OrderedGems` and `Gemspec/OrderedDependencies` when the last declaration has no trailing newline, which joined two declarations into a single line.
Gemspec/RequireMFA	1.86.2	Bug fixes	HIGH-crash/hang	Fix incorrect autocorrect for `Gemspec/RequireMFA` causing an infinite loop when `rubygems_mfa_required` metadata uses a symbol key.
Gemspec/RequireMFA	1.88.1	Bug fixes	HIGH-crash/hang	Fix an infinite loop for `Gemspec/RequireMFA` with multiple specifications.
Layout/AccessModifierIndentation	1.88.2	Bug fixes	MED-fp/fn	Fix a false positive for `Layout/CommentIndentation` with a comment above an inline access modifier (e.g. `private def foo`) when `Layout/AccessModifierIndentation` is configured with `EnforcedStyle: outdent`.
Layout/ArgumentAlignment	1.90.0	Bug fixes	HIGH-crash/hang	Fix an infinite loop error for `Layout/FirstArgumentIndentation` when `EnforcedStyle: with_fixed_indentation` is specified for `Layout/ArgumentAlignment` and `Layout/FirstMethodArgumentLineBreak` is enabled with `AllowMultilineFinalElement: true`.
Layout/ArgumentAlignment	1.91.0	Bug fixes	HIGH-crash/hang	Fix an infinite loop between `Layout/ArgumentAlignment` and `Layout/HashAlignment` with separator style.
Layout/ArgumentAlignment	1.91.0	Changes	LOW-other	Set the community-preferred `EnforcedStyle` of `Style/StringLiterals`, `Style/StringLiteralsInInterpolation`, `Layout/CaseIndentation`, `Layout/EndAlignment`, `Layout/MultilineMethodCallIndentation`, `Layout/MultilineOperationIndentation`, `Layout/FirstHashElementIndentation`, `Layout/FirstArrayElementIndentation`, `Layout/ParameterAlignment`, `Layout/ArgumentAlignment`, `Style/EmptyMethod`, `Style/Alias`, `Style/RescueStandardError` and `Style/TernaryParentheses` under `Preview`, ahead of them becoming the defaults in RuboCop 2.0.
Layout/ArrayAlignment	1.91.0	Bug fixes	HIGH-crash/hang	Fix an infinite loop error for `Layout/FirstArrayElementIndentation` with `Layout/ArrayAlignment` when `EnforcedStyle: with_fixed_indentation` is configured.
Layout/BlockAlignment	1.88.0	Bug fixes	MED-fp/fn	Fix a false positive for `Layout/BlockAlignment` with `EnforcedStyleAlignWith: start_of_line` when a block is passed as a method argument.
Layout/BlockAlignment	1.88.0	Bug fixes	MED-fp/fn	Fix false positives in `Layout/BlockAlignment` when there is a line break between method arguments before the block.
Layout/BlockAlignment	1.88.1	Bug fixes	MED-fp/fn	Fix false positives for `Layout/BlockAlignment` when `EnforcedStyleAlignWith: start_of_block` is used and `do` is on a continuation line of a parenthesisless multiline method call.
Layout/CaseIndentation	1.91.0	Changes	LOW-other	Set the community-preferred `EnforcedStyle` of `Style/StringLiterals`, `Style/StringLiteralsInInterpolation`, `Layout/CaseIndentation`, `Layout/EndAlignment`, `Layout/MultilineMethodCallIndentation`, `Layout/MultilineOperationIndentation`, `Layout/FirstHashElementIndentation`, `Layout/FirstArrayElementIndentation`, `Layout/ParameterAlignment`, `Layout/ArgumentAlignment`, `Style/EmptyMethod`, `Style/Alias`, `Style/RescueStandardError` and `Style/TernaryParentheses` under `Preview`, ahead of them becoming the defaults in RuboCop 2.0.
Layout/ClassStructure	1.88.1	Bug fixes	HIGH-crash/hang	Fix a crash for `Layout/ClassStructure` when a class body is a single safe-navigation call (e.g. `test&.private_methods(def foo; end)`).
Layout/ClassStructure	1.89.0	Bug fixes	MED-fp/fn	Fix false negatives in `Layout/ClassStructure` when class body elements are wrapped in `begin` blocks.
Layout/ClassStructure	1.89.0	Bug fixes	MED-fp/fn	Fix false negatives in `Layout/ClassStructure` when using `private_class_method` or `public_class_method` def modifiers.
Layout/ClassStructure	1.90.0	Bug fixes	LOW-other	Fix `Layout/ClassStructure` autocorrection producing a wrong order when an element cannot be moved, and make offenses report the category that actually blocks the expected order.
Layout/ClosingParenthesisIndentation	1.86.2	Bug fixes	LOW-other	"Fix incorrect ""does not support IndentationWidth parameter"" warning for `Layout/ClosingParenthesisIndentation` and `Layout/CommentIndentation`."
Layout/CommentIndentation	1.86.2	Bug fixes	LOW-other	"Fix incorrect ""does not support IndentationWidth parameter"" warning for `Layout/ClosingParenthesisIndentation` and `Layout/CommentIndentation`."
Layout/CommentIndentation	1.88.2	Bug fixes	MED-fp/fn	Fix a false positive for `Layout/CommentIndentation` with a comment above an inline access modifier (e.g. `private def foo`) when `Layout/AccessModifierIndentation` is configured with `EnforcedStyle: outdent`.
Layout/CommentIndentation	1.91.0	Bug fixes	HIGH-crash/hang	Fix an infinite loop error for `Layout/CommentIndentation` when many comment blocks with the same indentation are separated by empty lines.
Layout/ConditionPosition	1.88.1	Bug fixes	HIGH-autocorrect	Fix an incorrect autocorrect for `Layout/ConditionPosition` that dropped a body statement sharing the condition's line via a semicolon.
Layout/ElseAlignment	1.88.2	Bug fixes	MED-fp/fn	Fix false positives in `Layout/ElseAlignment` when using `else` within a block that is part of a larger expression.
Layout/ElseAlignment	1.91.0	Bug fixes	HIGH-crash/hang	Fix an error for `Layout/ElseAlignment` when `else` is used with `rescue` in a `class`, `module`, or singleton class body.
Layout/EmptyComment	1.88.1	Bug fixes	HIGH-autocorrect	Fix an incorrect autocorrect for `Layout/EmptyComment` that deleted a heredoc when removing an empty comment trailing its opener.
Layout/EmptyLineAfterGuardClause	1.86.0	Bug fixes	MED-fp/fn	Fix false positives in `Layout/EmptyLineAfterGuardClause` when using a guard clause followed by a multi-line guard clause with `raise`, `fail`, `return`, `break`, or `next`.
Layout/EmptyLineAfterGuardClause	1.86.1	Bug fixes	MED-fp/fn	Fix false positives for `Layout/EmptyLineAfterGuardClause` when consecutive guard clauses use `and return`.
Layout/EmptyLineAfterGuardClause	1.87.0	New features	LOW-other	Make `Layout/EmptyLineAfterGuardClause` accept the new `# simplecov:disable` and `# simplecov:enable` directive comments.
Layout/EmptyLineAfterGuardClause	1.91.0	Changes	LOW-other	Disable `Style/IfUnlessModifier`, `Style/GuardClause`, `Style/Next`, `Style/ClassAndModuleChildren`, `Style/DoubleNegation`, `Style/NumericPredicate`, `Style/SpecialGlobalVars`, `Style/PerlBackrefs`, `Style/FrozenStringLiteralComment`, `Style/FormatStringToken`, `Style/FormatString`, `Style/RegexpLiteral`, `Style/SignalException`, `Style/Lambda`, `Style/ParallelAssignment`, `Style/RaiseArgs`, `Style/ModuleFunction`, `Style/BlockDelimiters`, `Style/NumericLiterals`, `Style/NegatedIf`, `Naming/VariableNumber`, `Naming/HeredocDelimiterNaming`, `Layout/EmptyLineAfterGuardClause` and `Bundler/OrderedGems` under `Preview`, ahead of them being disabled by default in RuboCop 2.0.
Layout/EmptyLineAfterMagicComment	1.90.0	New features	LOW-other	Add `NumberOfEmptyLines` option to `Layout/EmptyLineAfterMagicComment` to configure the minimum number of empty lines required after magic comments.
Layout/EmptyLineAfterMagicComment	1.91.0	Changes	MED-fp/fn	Recognize `warn_indent` as a magic comment. This fixes a false positive for `Layout/EmptyLineAfterMagicComment` and makes `Lint/OrderedMagicComments` and `Style/MagicCommentFormat` aware of it.
Layout/EmptyLineBetweenDefs	1.88.1	Bug fixes	HIGH-autocorrect	Fix an incorrect autocorrect for `Layout/EmptyLineBetweenDefs` that inserted a blank line inside a heredoc body when an endless method's body was a heredoc.
Layout/EmptyLinesAfterModuleInclusion	1.91.0	Bug fixes	HIGH-crash/hang	Fix an infinite loop error for `Layout/EmptyLinesAfterModuleInclusion` when a module inclusion is directly before `rescue`.
Layout/EndAlignment	1.86.0	Bug fixes	HIGH-crash/hang	Fix infinite loop in `Layout/EndAlignment` when `end` is followed by `||` or `&&`.
Layout/EndAlignment	1.86.1	Bug fixes	LOW-other	Fix `Layout/EndAlignment` cop error on an empty `begin`.
Layout/EndAlignment	1.91.0	Changes	LOW-other	Set the community-preferred `EnforcedStyle` of `Style/StringLiterals`, `Style/StringLiteralsInInterpolation`, `Layout/CaseIndentation`, `Layout/EndAlignment`, `Layout/MultilineMethodCallIndentation`, `Layout/MultilineOperationIndentation`, `Layout/FirstHashElementIndentation`, `Layout/FirstArrayElementIndentation`, `Layout/ParameterAlignment`, `Layout/ArgumentAlignment`, `Style/EmptyMethod`, `Style/Alias`, `Style/RescueStandardError` and `Style/TernaryParentheses` under `Preview`, ahead of them becoming the defaults in RuboCop 2.0.
Layout/ExtraSpacing	1.90.0	Bug fixes	MED-fp/fn	Fix false negatives for `Layout/ExtraSpacing`.
Layout/ExtraSpacing	1.90.0	Changes	LOW-other	Change `AllowForAlignment` to no longer treat a same-indentation line beyond the enclosing block as an alignment anchor for `Layout/ExtraSpacing`, `Layout/SpaceAroundOperators`, and `Layout/SpaceBeforeFirstArg`.
Layout/ExtraSpacing	1.91.0	Bug fixes	HIGH-crash/hang	Fix an infinite loop between `Layout/ExtraSpacing` with `ForceEqualSignAlignment` and `Layout/SpaceAroundOperators`.
Layout/ExtraSpacing	1.91.0	Bug fixes	HIGH-crash/hang	Fix an infinite loop between `Layout/SpaceAroundOperators` and `Layout/ExtraSpacing` with `ForceEqualSignAlignment: true` for aligned operator assignments.
Layout/FirstArgumentIndentation	1.90.0	Bug fixes	HIGH-crash/hang	Fix an infinite loop error for `Layout/FirstArgumentIndentation` when `EnforcedStyle: with_fixed_indentation` is specified for `Layout/ArgumentAlignment` and `Layout/FirstMethodArgumentLineBreak` is enabled with `AllowMultilineFinalElement: true`.
Layout/FirstArrayElementIndentation	1.91.0	Bug fixes	HIGH-crash/hang	Fix an infinite loop error for `Layout/FirstArrayElementIndentation` with `Layout/ArrayAlignment` when `EnforcedStyle: with_fixed_indentation` is configured.
Layout/FirstArrayElementIndentation	1.91.0	Changes	LOW-other	Set the community-preferred `EnforcedStyle` of `Style/StringLiterals`, `Style/StringLiteralsInInterpolation`, `Layout/CaseIndentation`, `Layout/EndAlignment`, `Layout/MultilineMethodCallIndentation`, `Layout/MultilineOperationIndentation`, `Layout/FirstHashElementIndentation`, `Layout/FirstArrayElementIndentation`, `Layout/ParameterAlignment`, `Layout/ArgumentAlignment`, `Style/EmptyMethod`, `Style/Alias`, `Style/RescueStandardError` and `Style/TernaryParentheses` under `Preview`, ahead of them becoming the defaults in RuboCop 2.0.
Layout/FirstHashElementIndentation	1.85.0	Bug fixes	LOW-other	Fix over-indentation when autocorrecting nested hashes with `Layout/FirstHashElementIndentation`.
Layout/FirstHashElementIndentation	1.91.0	Changes	LOW-other	Set the community-preferred `EnforcedStyle` of `Style/StringLiterals`, `Style/StringLiteralsInInterpolation`, `Layout/CaseIndentation`, `Layout/EndAlignment`, `Layout/MultilineMethodCallIndentation`, `Layout/MultilineOperationIndentation`, `Layout/FirstHashElementIndentation`, `Layout/FirstArrayElementIndentation`, `Layout/ParameterAlignment`, `Layout/ArgumentAlignment`, `Style/EmptyMethod`, `Style/Alias`, `Style/RescueStandardError` and `Style/TernaryParentheses` under `Preview`, ahead of them becoming the defaults in RuboCop 2.0.
Layout/FirstMethodArgumentLineBreak	1.90.0	Bug fixes	HIGH-crash/hang	Fix an infinite loop error for `Layout/FirstArgumentIndentation` when `EnforcedStyle: with_fixed_indentation` is specified for `Layout/ArgumentAlignment` and `Layout/FirstMethodArgumentLineBreak` is enabled with `AllowMultilineFinalElement: true`.
Layout/FirstParameterIndentation	1.91.0	Bug fixes	HIGH-crash/hang	Fix an infinite loop error for `Layout/FirstParameterIndentation` with `Layout/ParameterAlignment` when `EnforcedStyle: with_fixed_indentation` is configured.
Layout/HashAlignment	1.89.0	Bug fixes	MED-fp/fn	Fix a false positive for `Layout/HashAlignment` when using `EnforcedHashRocketStyle: table` and a hash key spans multiple lines.
Layout/HashAlignment	1.91.0	Bug fixes	HIGH-crash/hang	Fix an error for `Layout/HashAlignment` when a hash value starts on the line below its key.
Layout/HashAlignment	1.91.0	Bug fixes	HIGH-crash/hang	Fix an error for `Layout/HashAlignment` when the first pair of a hash omits its value, and an incorrect autocorrection when a later pair does.
Layout/HashAlignment	1.91.0	Bug fixes	HIGH-crash/hang	Fix an infinite loop between `Layout/ArgumentAlignment` and `Layout/HashAlignment` with separator style.
Layout/IndentationWidth	1.85.0	Bug fixes	MED-fp/fn	Fix `Layout/IndentationWidth` false positive for chained method blocks when `EnforcedStyleAlignWith` is `start_of_line`.
Layout/IndentationWidth	1.87.0	Bug fixes	LOW-other	Fix `Layout/IndentationWidth` to indent block bodies relative to the method selector for trailing-dot multi-line method chains when `EnforcedStyleAlignWith` is `relative_to_receiver`.
Layout/IndentationWidth	1.88.1	Bug fixes	MED-fp/fn	Fix a false negative for `Layout/IndentationWidth` when the body of a multiline grouped expression in parentheses is not indented.
Layout/IndentationWidth	1.89.0	New features	LOW-other	Support autocorrection for tab indentation in `Layout/IndentationWidth` and `Style/ClassAndModuleChildren`.
Layout/IndentationWidth	1.91.0	Bug fixes	HIGH-crash/hang	Fix an error for `Layout/IndentationWidth` on under-indented code with tab indentation.
Layout/LeadingCommentSpace	1.89.0	New features	LOW-other	Add new `AllowYARDCommentBlockSeparator` option to `Layout/LeadingCommentSpace`.
Layout/LineLength	1.86.1	Bug fixes	LOW-other	Fix an error in `Layout/LineLength` when `SplitStrings` option is enabled and `__FILE__` is used.
Layout/LineLength	1.88.2	Bug fixes	HIGH-crash/hang	Fix an infinite loop and file corruption for `Layout/LineLength` with `SplitStrings` when an over-long string is indented under a multi-line parent.
Layout/LineLength	1.89.0	Bug fixes	LOW-other	Fix `Layout/LineLength` autocorrection for endless methods with block bodies.
Layout/LineLength	1.89.0	Changes	LOW-other	Improve `Layout/LineLength` performance on files with large collection literals.
Layout/LineLength	1.89.0	Changes	LOW-other	Make `Style/IfUnlessModifier`, `Style/WhileUntilModifier`, `Style/GuardClause`, and other modifier cops respect `Layout/LineLength` exemptions (allowed patterns, cop directives, allowed URIs) when checking whether the modifier form fits on one line.
Layout/LineLength	1.90.0	Bug fixes	MED-fp/fn	Fix false negatives in `Layout/LineLength` when a constant path like `Http::UploadedFile` matches `URISchemes` case-insensitively.
Layout/LineLength	1.90.0	Bug fixes	LOW-other	Fix a regression in RuboCop 1.89 where the modifier cops could produce lines longer than `Layout/LineLength` `Max` when exemptions like `AllowedPatterns` matched the result.
Layout/LineLength	1.91.0	Bug fixes	HIGH-crash/hang	Fix an infinite loop for `Layout/LineLength` with `SplitStrings: true` when the split point lands on a trailing space.
Layout/LineLength	1.91.0	Bug fixes	HIGH-crash/hang	Fix an infinite loop error for `Style/EndlessMethod` when an indented method definition would exceed `Layout/LineLength` once made endless.
Layout/MultilineAssignmentLayout	1.85.0	Bug fixes	MED-fp/fn	Fix a false negative in `Layout/MultilineAssignmentLayout` when using `numblock` or `itblock` with `SupportedTypes: ['block']`.
Layout/MultilineAssignmentLayout	1.85.0	Bug fixes	LOW-other	Recognize block on different line from left side of multi-line assignment in `Layout/MultilineAssignmentLayout`.
Layout/ParameterAlignment	1.91.0	Bug fixes	HIGH-crash/hang	Fix an infinite loop error for `Layout/FirstParameterIndentation` with `Layout/ParameterAlignment` when `EnforcedStyle: with_fixed_indentation` is configured.
Layout/ParameterAlignment	1.91.0	Changes	LOW-other	Set the community-preferred `EnforcedStyle` of `Style/StringLiterals`, `Style/StringLiteralsInInterpolation`, `Layout/CaseIndentation`, `Layout/EndAlignment`, `Layout/MultilineMethodCallIndentation`, `Layout/MultilineOperationIndentation`, `Layout/FirstHashElementIndentation`, `Layout/FirstArrayElementIndentation`, `Layout/ParameterAlignment`, `Layout/ArgumentAlignment`, `Style/EmptyMethod`, `Style/Alias`, `Style/RescueStandardError` and `Style/TernaryParentheses` under `Preview`, ahead of them becoming the defaults in RuboCop 2.0.
Layout/SpaceAroundBlockParameters	1.91.0	Bug fixes	HIGH-crash/hang	Fix an infinite loop between `Layout/SpaceAroundBlockParameters` and `Layout/SpaceInsideParens` when the two cops enforce conflicting styles for a lambda's parameter parentheses.
Layout/SpaceAroundOperators	1.88.1	Bug fixes	HIGH-autocorrect	Fix an incorrect autocorrect for `Layout/SpaceAroundOperators` that turned `**=` and `/=` compound assignments into `**`/`/`, dropping the assignment.
Layout/SpaceAroundOperators	1.90.0	Changes	LOW-other	Change `AllowForAlignment` to no longer treat a same-indentation line beyond the enclosing block as an alignment anchor for `Layout/ExtraSpacing`, `Layout/SpaceAroundOperators`, and `Layout/SpaceBeforeFirstArg`.
Layout/SpaceAroundOperators	1.90.0	Changes	LOW-other	Make `Layout/SpaceAroundOperators` aware of endless method definitions.
Layout/SpaceAroundOperators	1.91.0	Bug fixes	HIGH-crash/hang	Fix an infinite loop between `Layout/ExtraSpacing` with `ForceEqualSignAlignment` and `Layout/SpaceAroundOperators`.
Layout/SpaceAroundOperators	1.91.0	Bug fixes	HIGH-crash/hang	Fix an infinite loop between `Layout/SpaceAroundOperators` and `Layout/ExtraSpacing` with `ForceEqualSignAlignment: true` for aligned operator assignments.
Layout/SpaceBeforeFirstArg	1.90.0	Changes	LOW-other	Change `AllowForAlignment` to no longer treat a same-indentation line beyond the enclosing block as an alignment anchor for `Layout/ExtraSpacing`, `Layout/SpaceAroundOperators`, and `Layout/SpaceBeforeFirstArg`.
Layout/SpaceInsideParens	1.91.0	Bug fixes	HIGH-crash/hang	Fix an infinite loop between `Layout/SpaceAroundBlockParameters` and `Layout/SpaceInsideParens` when the two cops enforce conflicting styles for a lambda's parameter parentheses.
Lint/AmbiguousAssignment	1.89.0	Bug fixes	MED-fp/fn	Fix a false negative for `Lint/AmbiguousAssignment` when using attribute or index assignment.
Lint/AmbiguousBlockAssociation	1.89.0	Changes	LOW-other	Extend `Lint/AmbiguousBlockAssociation` to detect `do...end` blocks likely intended for enumerable methods in arguments.
Lint/AmbiguousOperator	1.88.0	Bug fixes	HIGH-autocorrect	Fix an incorrect autocorrect for `Lint/RedundantCopDisableDirective` and `Lint/RedundantCopEnableDirective` when a cop name in the directive is a prefix of another cop name in the same directive (e.g. `Lint/AmbiguousOperator` and `Lint/AmbiguousOperatorPrecedence`).
Lint/AmbiguousOperatorPrecedence	1.88.0	Bug fixes	HIGH-autocorrect	Fix an incorrect autocorrect for `Lint/RedundantCopDisableDirective` and `Lint/RedundantCopEnableDirective` when a cop name in the directive is a prefix of another cop name in the same directive (e.g. `Lint/AmbiguousOperator` and `Lint/AmbiguousOperatorPrecedence`).
Lint/AssignmentInCondition	1.88.1	Bug fixes	HIGH-crash/hang	Fix an infinite loop between `Lint/AssignmentInCondition` and `Style/RedundantParentheses` when an assignment is a statement of a multi-statement `begin` in a condition.
Lint/AssignmentInCondition	1.91.0	Bug fixes	HIGH-crash/hang	Fix an infinite loop error for `Lint/AssignmentInCondition` when an assignment is inside `defined?`.
Lint/AssignmentInCondition	1.91.0	Bug fixes	HIGH-crash/hang	Fix an infinite loop between `Style/ParenthesesAroundCondition` with `AllowSafeAssignment: false` and `Lint/AssignmentInCondition`.
Lint/ConstantReassignment	1.86.0	Bug fixes	LOW-other	Detect constant reassignment after class/module definition in `Lint/ConstantReassignment`.
Lint/ConstantReassignment	1.87.0	New features	LOW-other	Add optional Rubydex integration via `AllCops/UseProjectIndex` to enable cross-file detection in `Lint/ConstantReassignment` (experimental).
Lint/ConstantReassignment	1.89.0	Bug fixes	HIGH-crash/hang	Fix an error for `Lint/ConstantReassignment` when a built-in constant name is assigned and `UseProjectIndex` is enabled.
Lint/ConstantReassignment	1.90.0	Bug fixes	MED-fp/fn	Fix false positives in `Lint/ConstantReassignment` when a constant is assigned in compact-style namespaces (e.g. `module A::B`).
Lint/ConstantResolution	1.89.0	Changes	LOW-other	Change `Lint/ConstantResolution` to report only genuinely ambiguous constants when `UseProjectIndex` is enabled.
Lint/CopDirectiveSyntax	1.90.0	Changes	LOW-other	Make `Lint/CopDirectiveSyntax` catch keyword typos and unknown cop names.
Lint/CopDirectiveSyntax	1.91.0	Bug fixes	LOW-other	Fix `Lint/CopDirectiveSyntax` falsely reporting multiple directives when valid reason text mentions another directive.
Lint/CopDirectiveSyntax	1.91.0	Changes	LOW-other	Enable `Lint/CopDirectiveSyntax` by default, so directives that silently disable nothing are reported.
Lint/CopDirectiveSyntax	1.91.0	Changes	LOW-other	Remove `Style/DoubleCopDisableDirective`, superseded by `Lint/CopDirectiveSyntax`, which now reports and corrects more than one directive on a line.
Lint/Debugger	1.88.2	Changes	LOW-other	Improve `Lint/Debugger` performance on code without debugger calls.
Lint/DuplicateMethods	1.86.0	Bug fixes	MED-fp/fn	Fix false negatives for `Lint/DuplicateMethods` when duplicate methods are defined in anonymous classes and modules not assigned to a constant.
Lint/DuplicateMethods	1.86.0	Bug fixes	MED-fp/fn	Fix a false positive for `Lint/DuplicateMethods` when modules blocks are passed as method arguments.
Lint/DuplicateMethods	1.86.0	Bug fixes	MED-fp/fn	Fix a false positive for `Lint/DuplicateMethods` when the same method is defined in different anonymous module blocks passed to a no-receiver call (e.g. `stub_const`).
Lint/DuplicateMethods	1.86.0	Bug fixes	MED-fp/fn	Fix false positives in `Lint/DuplicateMethods` when the same method is defined in anonymous module blocks passed to different receivers.
Lint/DuplicateMethods	1.86.1	Bug fixes	MED-fp/fn	Fix `Lint/DuplicateMethods` false positives for anonymous classes in constant assignments and method return values.
Lint/DuplicateMethods	1.86.1	Bug fixes	MED-fp/fn	Fix `Lint/DuplicateMethods` false positives with anonymous classes inside blocks (e.g. RSpec `let`, `describe`).
Lint/DuplicateMethods	1.89.0	New features	LOW-other	Add `DelegatingMethods` option to `Lint/DuplicateMethods` to register custom `delegate`-shaped methods.
Lint/DuplicateMethods	1.89.0	Bug fixes	MED-fp/fn	Fix false positives in `Lint/DuplicateMethods` for anonymous classes (`Class.new`) passed as arguments to the same named-receiver method call (e.g. `T.cast`). Each `Class.new` block is an independent class, so methods defined in different blocks should not be treated as duplicates.
Lint/DuplicateMethods	1.89.0	Changes	LOW-other	Change `Lint/DuplicateMethods` to detect duplicates across files when `UseProjectIndex` is enabled.
Lint/DuplicateMethods	1.90.0	Bug fixes	LOW-other	Make `Lint/DuplicateMethods` honor `silence_redefinition_of_method` and `redefine_method` as intentional redefinitions.
Lint/DuplicateMethods	1.90.0	Changes	LOW-other	Add `AllowedCrossFilePaths` option to `Lint/DuplicateMethods` to skip cross-file duplicates in configured paths.
Lint/DuplicateMethods	1.91.0	Bug fixes	MED-fp/fn	Fix false positives in `Lint/DuplicateMethods` for singleton methods in separate anonymous classes.
Lint/EmptyConditionalBody	1.86.0	Bug fixes	MED-fp/fn	Fix a false positive for `Lint/RedundantCopDisableDirective` when a `rubocop:disable` comment is used to suppress `Lint/EmptyWhen`, `Lint/EmptyConditionalBody`, `Lint/EmptyInPattern`, or `Style/SymbolProc`.
Lint/EmptyInPattern	1.86.0	Bug fixes	MED-fp/fn	Fix a false positive for `Lint/RedundantCopDisableDirective` when a `rubocop:disable` comment is used to suppress `Lint/EmptyWhen`, `Lint/EmptyConditionalBody`, `Lint/EmptyInPattern`, or `Style/SymbolProc`.
Lint/EmptyWhen	1.86.0	Bug fixes	MED-fp/fn	Fix a false positive for `Lint/RedundantCopDisableDirective` when a `rubocop:disable` comment is used to suppress `Lint/EmptyWhen`, `Lint/EmptyConditionalBody`, `Lint/EmptyInPattern`, or `Style/SymbolProc`.
Lint/EnsureReturn	1.88.0	Bug fixes	MED-fp/fn	Fix false positives in `Lint/EnsureReturn` and `Lint/NoReturnInBeginEndBlocks` for `return` inside a nested method definition or lambda.
Lint/ErbNewArguments	1.88.0	Bug fixes	HIGH-autocorrect	Fix an incorrect autocorrect for `Lint/ErbNewArguments` when a keyword argument follows the `safe_level` argument.
Lint/FloatComparison	1.88.0	Bug fixes	MED-fp/fn	Fix a false positive for `Lint/FloatComparison` when comparing against a parenthesized zero or `nil`.
Lint/IncompatibleIoSelectWithFiberScheduler	1.88.0	Bug fixes	MED-fp/fn	Fix a false positive for `Lint/IncompatibleIoSelectWithFiberScheduler` when the single array argument element is a splat.
Lint/InheritException	1.89.0	Bug fixes	MED-fp/fn	Fix false negatives for `Lint/InheritException` when `Exception` is inherited indirectly through a project class (`UseProjectIndex`).
Lint/InterpolationCheck	1.85.0	Bug fixes	HIGH-autocorrect	Fix autocorrect producing `SyntaxError` in `Lint/InterpolationCheck` when single quoted string contains double quotes with invalid interpolation.
Lint/InterpolationCheck	1.88.0	Bug fixes	MED-fp/fn	Fix a false negative for `Lint/InterpolationCheck` when interpolation appears in a multiline single-quoted string.
Lint/LambdaWithoutLiteralBlock	1.88.0	Bug fixes	HIGH-autocorrect	Fix an incorrect autocorrect for `Lint/LambdaWithoutLiteralBlock` that dropped safe navigation from the block argument.
Lint/LiteralAsCondition	1.89.0	Bug fixes	HIGH-crash/hang	Fix an error for `Lint/LiteralAsCondition` when a literal condition has an empty branch.
Lint/LiteralAsCondition	1.91.0	Bug fixes	HIGH-autocorrect	Fix an incorrect autocorrect for `Lint/LiteralAsCondition` when the other operand is a parenthesized `return`.
Lint/LiteralAssignmentInCondition	1.88.0	Bug fixes	MED-fp/fn	Fix a false positive for `Lint/LiteralAssignmentInCondition` when a literal is assigned inside a block in the condition.
Lint/LiteralInInterpolation	1.88.0	Bug fixes	HIGH-autocorrect	Fix incorrect autocorrects for `Lint/LiteralInInterpolation` with embedded quotes and escaped interpolation text.
Lint/LiteralInInterpolation	1.88.0	Bug fixes	HIGH-autocorrect	Fix an incorrect autocorrect for `Lint/LiteralInInterpolation` when interpolated hashes contain symbols that require quoted syntax, such as `:'foo-bar'`.
Lint/LiteralInInterpolation	1.89.0	Bug fixes	HIGH-autocorrect	Fix an incorrect autocorrect for `Lint/LiteralInInterpolation`.
Lint/MissingCopEnableDirective	1.86.2	Bug fixes	MED-fp/fn	Fix false positive for `Lint/MissingCopEnableDirective` when `# rubocop:disable` is wrapped in a `# rubocop:push` / `# rubocop:pop` block.
Lint/MissingCopEnableDirective	1.88.0	Changes	LOW-rename	Rename inconsistently named cop parameters to follow RuboCop's conventions (the old names are deprecated but still work): `Bundler/GemComment`'s `IgnoredGems` to `AllowedGems`, `Lint/NumberConversion`'s `IgnoredClasses` to `AllowedClasses`, `Lint/MissingCopEnableDirective`'s `MaximumRangeSize` to `MaxRangeSize`, `Metrics/CollectionLiteralLength`'s `LengthThreshold` to `Max`, and `Style/FetchEnvVar`'s `AllowedVars` to `AllowedVariables`.
Lint/MissingCopEnableDirective	1.90.0	Bug fixes	LOW-other	Make `Lint/MissingCopEnableDirective` suggest `# rubocop:pop` instead of `# rubocop:enable` for an unclosed `# rubocop:push`.
Lint/MissingSuper	1.89.0	Changes	LOW-other	Change `Lint/MissingSuper` to skip the constructor offense when the project index shows no ancestor defines `initialize` (`UseProjectIndex`).
Lint/NoReturnInBeginEndBlocks	1.88.0	Bug fixes	MED-fp/fn	Fix false positives in `Lint/EnsureReturn` and `Lint/NoReturnInBeginEndBlocks` for `return` inside a nested method definition or lambda.
Lint/NonLocalExitFromIterator	1.88.0	Bug fixes	MED-fp/fn	Fix a false negative for `Lint/NonLocalExitFromIterator` when the iterator receiver uses safe navigation.
Lint/NumberConversion	1.88.0	Bug fixes	LOW-other	Stop autocorrecting `Lint/NumberConversion` offenses on safe navigation calls.
Lint/NumberConversion	1.88.0	Changes	LOW-rename	Rename inconsistently named cop parameters to follow RuboCop's conventions (the old names are deprecated but still work): `Bundler/GemComment`'s `IgnoredGems` to `AllowedGems`, `Lint/NumberConversion`'s `IgnoredClasses` to `AllowedClasses`, `Lint/MissingCopEnableDirective`'s `MaximumRangeSize` to `MaxRangeSize`, `Metrics/CollectionLiteralLength`'s `LengthThreshold` to `Max`, and `Style/FetchEnvVar`'s `AllowedVars` to `AllowedVariables`.
Lint/NumericOperationWithConstantResult	1.88.0	Bug fixes	HIGH-autocorrect	Fix an incorrect autocorrect for `Lint/NumericOperationWithConstantResult` when using safe navigation, as the result is `nil` when the receiver is `nil`.
Lint/NumericOperationWithConstantResult	1.88.2	Changes	HIGH-autocorrect	Mark `Lint/NumericOperationWithConstantResult` autocorrect as unsafe because it drops the operands, discarding their side effects and silencing cases where the result is not actually constant (e.g. `x / x` raises when `x` is `0`).
Lint/OrderedMagicComments	1.88.0	Bug fixes	MED-fp/fn	Fix a false negative for `Lint/OrderedMagicComments` when an `encoding` magic comment is preceded by a magic comment other than `frozen_string_literal` (e.g. `shareable_constant_value`).
Lint/OrderedMagicComments	1.91.0	Changes	MED-fp/fn	Recognize `warn_indent` as a magic comment. This fixes a false positive for `Layout/EmptyLineAfterMagicComment` and makes `Lint/OrderedMagicComments` and `Style/MagicCommentFormat` aware of it.
Lint/OutOfRangeRegexpRef	1.90.0	Bug fixes	MED-fp/fn	Fix a false negative for `Lint/OutOfRangeRegexpRef` when a preceding element access with a non-string literal argument (e.g. `hash[:key]`) discarded the tracked capture count.
Lint/ParenthesesAsGroupedExpression	1.87.0	Bug fixes	MED-fp/fn	Fix false positives in `Lint/ParenthesesAsGroupedExpression` when the first argument is a call-like expression with its own parentheses, such as `yield(...)`.
Lint/ParenthesesAsGroupedExpression	1.91.0	Bug fixes	HIGH-autocorrect	Fix an incorrect autocorrect for `Lint/ParenthesesAsGroupedExpression` when the parentheses contain `and`, `or`, `not`, or a modifier expression.
Lint/RaiseException	1.88.0	Bug fixes	MED-fp/fn	Fix a false positive for `Lint/RaiseException` when `raise Exception` is used inside a module nested within an allowed implicit namespace (e.g. `Gem`).
Lint/RedundantCopEnableDirective	1.88.0	Bug fixes	HIGH-autocorrect	Fix an incorrect autocorrect for `Lint/RedundantCopDisableDirective` and `Lint/RedundantCopEnableDirective` when a cop name in the directive is a prefix of another cop name in the same directive (e.g. `Lint/AmbiguousOperator` and `Lint/AmbiguousOperatorPrecedence`).
Lint/RedundantCopEnableDirective	1.90.0	New features	LOW-other	Make `Lint/RedundantCopEnableDirective` flag `# rubocop:pop` directives without a matching `# rubocop:push`.
Lint/RedundantCopEnableDirective	1.90.0	Bug fixes	LOW-other	Fix `Lint/RedundantCopDisableDirective` and `Lint/RedundantCopEnableDirective` leaving a directive's `--` reason behind when removing the directive.
Lint/RedundantDirGlobSort	1.88.0	Bug fixes	MED-fp/fn	Fix a false positive for `Lint/RedundantDirGlobSort` when `sort` is given a comparator block or a block-pass argument, which is not redundant with the default sorting.
Lint/RedundantSafeNavigation	1.85.0	Bug fixes	MED-fp/fn	Fix false positive in `Lint/RedundantSafeNavigation` when using `&.respond_to?` with methods defined on `Object` (e.g., `:class`).
Lint/RedundantSafeNavigation	1.86.0	Changes	LOW-other	Make `Lint/RedundantSafeNavigation` aware of safe navigation in conditional true branch.
Lint/RedundantSafeNavigation	1.86.1	Bug fixes	MED-fp/fn	Fix false positive for `Lint/RedundantSafeNavigation` when chained safe navigation is used in a conditional expression with `InferNonNilReceiver` enabled.
Lint/RedundantSafeNavigation	1.86.2	Bug fixes	MED-fp/fn	Fix false positives in `Lint/RedundantSafeNavigation` when safe navigation appears in `rescue` or `ensure` bodies.
Lint/RedundantSafeNavigation	1.86.2	Bug fixes	MED-fp/fn	Fix false positives in `Lint/RedundantSafeNavigation` when safe navigation appears in the body of `unless`.
Lint/RedundantSafeNavigation	1.88.0	Bug fixes	MED-fp/fn	Fix false negatives for `Lint/RedundantSafeNavigation` with `&.respond_to?` on a guaranteed-instance receiver (e.g. `foo.to_s&.respond_to?(:class)`) and with `&.to_h` using a numbered-parameter or `it` block (e.g. `foo&.to_h { _1 } || {}`).
Lint/RedundantSafeNavigation	1.90.0	Bug fixes	MED-fp/fn	Fix false positives in `Lint/RedundantSafeNavigation` when `InferNonNilReceiver` is enabled and the receiver name is rebound by a nested block (`it` or a shadowed block parameter).
Lint/RedundantSplatExpansion	1.88.0	Bug fixes	HIGH-autocorrect	Fix a bad autocorrect for `Lint/RedundantSplatExpansion` when splatting an empty literal (e.g. `when *[]` or `rescue *[]`), which expanded to invalid or semantically different code.
Lint/RedundantWithIndex	1.88.0	Bug fixes	MED-fp/fn	Fix a false negative for `Lint/RedundantWithIndex` when the block takes no arguments (e.g. `ary.each_with_index { do_something }`).
Lint/RedundantWithObject	1.88.0	Changes	HIGH-autocorrect	Make `Lint/RedundantWithObject` autocorrect unsafe, since `each_with_object` returns the memo object while the corrected `each` returns the receiver.
Lint/RefinementImportMethods	1.88.0	Changes	LOW-rename	Add autocorrection to `Lint/RefinementImportMethods` (replacing `include`/`prepend` with `import_methods`) and report that the functionality was removed (not just deprecated) on Ruby 3.2+.
Lint/RegexpAsCondition	1.88.0	Bug fixes	HIGH-autocorrect	Fix a bad autocorrect for `Lint/RegexpAsCondition` when the regexp literal is negated (e.g. `if !/foo/`), which inverted the condition.
Lint/RequireRangeParentheses	1.88.0	Changes	LOW-other	"Reword the `Lint/RequireRangeParentheses` offense message, which incorrectly called the flagged (finite) range ""endless""."
Lint/RequireRelativeSelfPath	1.86.2	Bug fixes	MED-fp/fn	Fix false positives in `Lint/RequireRelativeSelfPath` when a non-`.rb` file uses `require_relative` with its own basename.
Lint/RequireRelativeSelfPath	1.88.0	Bug fixes	MED-fp/fn	Fix a false negative for `Lint/RequireRelativeSelfPath` when requiring the current file by name with its extension (e.g. `require_relative 'foo.rb'`) and the file path is absolute.
Lint/RescueType	1.88.0	Bug fixes	MED-fp/fn	Fix false negatives for `Lint/RescueType` when rescuing from `true`, `false`, a rational literal (`1r`), or a complex literal (`1i`), all of which raise a `TypeError` at runtime.
Lint/SafeNavigationChain	1.86.0	Bug fixes	HIGH-autocorrect	Fix incorrect autocorrection in `Lint/SafeNavigationChain` when chaining a method call after safe navigation in the if branch of a ternary.
Lint/SafeNavigationChain	1.88.0	Bug fixes	MED-fp/fn	Fix a false negative for `Lint/SafeNavigationChain` when an ordinary method is chained after a parenthesized safe navigation call (e.g. `(x&.foo).bar`).
Lint/SafeNavigationChain	1.89.0	Changes	HIGH-autocorrect	Mark `Lint/SafeNavigationChain` autocorrection as unsafe.
Lint/SafeNavigationConsistency	1.85.0	Bug fixes	HIGH-autocorrect	Mark `Lint/SafeNavigationConsistency` autocorrect as unsafe.
Lint/SafeNavigationWithEmpty	1.88.0	Bug fixes	MED-fp/fn	Fix a false negative for `Lint/SafeNavigationWithEmpty` when the receiver of `&.empty?` is a local variable, instance variable, constant, or other non-method-call expression.
Lint/ScriptPermission	1.88.0	Bug fixes	HIGH-crash/hang	Fix `Lint/ScriptPermission` to honor a cop-level `AutoCorrect: false` setting and to not crash on sources without a file on disk (e.g. unsaved editor buffers).
Lint/SelfAssignment	1.88.0	Bug fixes	MED-fp/fn	Fix false negatives for `Lint/SelfAssignment` with `||=` and `&&=` on constants, attributes, and hash keys (e.g. `Foo ||= Foo`, `foo.bar ||= foo.bar`, `hash['foo'] ||= hash['foo']`).
Lint/SendWithMixinArgument	1.88.0	Bug fixes	MED-fp/fn	Fix a false negative for `Lint/SendWithMixinArgument` when `send`/`public_send`/`__send__` is called with no explicit receiver or with a `self` receiver (e.g. `send(:include, Bar)`).
Lint/ShadowingOuterLocalVariable	1.88.0	Bug fixes	MED-fp/fn	Fix a false positive for `Lint/ShadowingOuterLocalVariable` when a block argument has the same name as a pattern variable from a different `in` branch of the same `case`.
Lint/SharedMutableDefault	1.88.0	Bug fixes	MED-fp/fn	Fix false negatives for `Lint/SharedMutableDefault` when a mutable default is combined with a `capacity:` keyword argument and given as an array or `Array.new`/`Hash.new` (e.g. `Hash.new([], capacity: 42)`).
Lint/SuppressedExceptionInNumberConversion	1.88.0	Bug fixes	MED-fp/fn	Fix a false positive for `Lint/SuppressedExceptionInNumberConversion` when the numeric constructor already passes `exception: false` (e.g. `Integer(arg, exception: false) rescue nil`), which also produced an autocorrect with a duplicate `exception: false` keyword.
Lint/SymbolConversion	1.88.0	Bug fixes	HIGH-autocorrect	"Fix a bad autocorrect for `Lint/SymbolConversion` when the receiver is an interpolated string containing an embedded double quote (e.g. `""foo#{bar}\""qux"".to_sym`), which produced a syntax error."
Lint/Syntax	1.86.1	Bug fixes	LOW-other	Fix `Lint/Syntax` zero-length diagnostic range for syntax errors at EOF.
Lint/ToEnumArguments	1.88.0	Bug fixes	MED-fp/fn	Fix a false negative for `Lint/ToEnumArguments` when more positional arguments are passed than the method accepts (e.g. `def m(x); to_enum(:m, x, extra); end`), which raises `ArgumentError` when the enumerator is used.
Lint/ToEnumArguments	1.88.1	Bug fixes	MED-fp/fn	Fix a false negative for `Lint/ToEnumArguments` when a braced hash is passed to keyword parameters (e.g. `to_enum(:m, { required: required })`), which raises `ArgumentError` when the enumerator is used.
Lint/ToEnumArguments	1.89.0	Bug fixes	MED-fp/fn	Fix a false negative for `Lint/ToEnumArguments` when explicit extra keyword arguments are passed (e.g. `def m(x:); to_enum(:m, x: x, y: 1); end`), which raises `ArgumentError` when the enumerator is used.
Lint/ToJSON	1.88.2	Bug fixes	MED-fp/fn	Fix a false negative for `Lint/ToJSON`, which did not flag singleton `def self.to_json` definitions.
Lint/ToJSON	1.88.2	Bug fixes	HIGH-autocorrect	Fix an incorrect autocorrect for `Lint/ToJSON` that produced invalid Ruby (`def to_json(*_args)()`) when the method had explicit empty parentheses.
Lint/TopLevelReturnWithArgument	1.88.0	Bug fixes	MED-fp/fn	Fix a false positive for `Lint/TopLevelReturnWithArgument` when a `return` with an argument is inside a numbered-parameter block or an `it` block.
Lint/TrailingCommaInAttributeDeclaration	1.88.0	Bug fixes	HIGH-crash/hang	Fix `Lint/TrailingCommaInAttributeDeclaration` to detect a trailing comma before a singleton method definition (e.g. `def self.bar`) and to not crash when a `def` is the sole argument (e.g. `attr_reader def bar; end`).
Lint/UnescapedBracketInRegexp	1.88.0	Bug fixes	MED-fp/fn	Fix a false negative for `Lint/UnescapedBracketInRegexp` when an unescaped `]` is preceded by an escaped backslash (e.g. `/abc\\]123/`).
Lint/UnescapedBracketInRegexp	1.88.1	Bug fixes	MED-fp/fn	Fix a false positive for `Lint/UnescapedBracketInRegexp` when a character class starts with a bare `]` (e.g. `/[^]]/`).
Lint/UnreachableCode	1.88.0	Changes	LOW-other	Reword cop descriptions that did not start with a verb (e.g. `Lint/UnreachableCode`, `Metrics/AbcSize`, `Security/Eval`) for consistency.
Lint/UnreachableCode	1.88.2	Bug fixes	MED-fp/fn	Fix a false negative for `Lint/UnreachableCode`, which only flagged the first statement after a flow-of-control statement instead of every unreachable statement that followed it.
Lint/UnusedMethodArgument	1.86.1	Bug fixes	MED-fp/fn	Fix `Lint/UnusedMethodArgument` false positive when block argument is used via `yield`.
Lint/UselessConstantScoping	1.86.0	Bug fixes	LOW-other	Support files with multiple modifiers in `Lint/UselessConstantScoping`.
Lint/UselessConstantScoping	1.90.0	Bug fixes	MED-fp/fn	Fix false positives for `Lint/UselessConstantScoping` when assigning with `Class.new`, `Module.new`, `Struct.new`, or `Data.define` after `private`.
Lint/UselessDefaultValueArgument	1.86.0	Bug fixes	HIGH-crash/hang	Fix an error for `Lint/UselessDefaultValueArgument` when `fetch` without a receiver is inside a `fetch` block.
Lint/UselessMethodDefinition	1.90.0	Bug fixes	MED-fp/fn	Fix `Lint/UselessMethodDefinition` false positive for methods with `**kwargs`.
Lint/UselessNumericOperation	1.88.2	Bug fixes	MED-fp/fn	Fix a false negative for `Lint/UselessNumericOperation`, which only flagged bare method-call receivers and ignored local variables, instance/class/global variables, and constants (e.g. `@x + 0`, `CONST * 1`).
Lint/UselessRuby2Keywords	1.88.0	Bug fixes	MED-fp/fn	Fix a false positive for `Lint/UselessRuby2Keywords` when `ruby2_keywords` in a nested class or module refers to a method of the same name defined in an outer scope.
Lint/UselessRuby2Keywords	1.89.0	Bug fixes	HIGH-crash/hang	Fix an error for `Lint/UselessRuby2Keywords` when `ruby2_keywords` is used with a symbol but no method definition is found.
Lint/UselessSetterCall	1.88.0	Bug fixes	MED-fp/fn	Fix a false positive for `Lint/UselessSetterCall` when a multiple assignment uses nested destructuring (e.g. `(a, b), c = arg, other_arg`), which misaligned variables with the right-hand side values.
Lint/UselessTimes	1.88.0	Bug fixes	HIGH-autocorrect	Fix an incorrect autocorrect for `Lint/UselessTimes` when a `1.times` block takes a single destructured (`|(a, b)|`) or splat (`|*a|`) argument, which produced a body referencing an undefined variable.
Lint/UselessTimes	1.88.0	Bug fixes	HIGH-autocorrect	Fix incorrect autocorrects for `Lint/UselessTimes` when the `times` block uses `next`/`break` (which became a syntax error) or takes multiple block arguments (which became undefined references).
Lint/Void	1.85.0	Bug fixes	MED-fp/fn	Fix a false positive for `Lint/Void` when `nil` is used in `case` branch.
Lint/Void	1.85.0	Bug fixes	MED-fp/fn	Fix false positives in `Lint/Void` for `each` blocks where the return value may be meaningful (e.g., `Enumerator#each`).
Lint/Void	1.85.0	Bug fixes	LOW-other	Fix `Lint/Void` to detect void expressions in `case`/`when` branches.
Lint/Void	1.88.2	Bug fixes	MED-fp/fn	Fix a false negative for `Lint/Void` where safe-navigation calls to nonmutating methods (e.g. `x&.sort`) were not flagged when `CheckForMethodsWithNoSideEffects` is enabled.
Lint/Void	1.89.0	Bug fixes	MED-fp/fn	Fix a false positive for `Lint/Void` with setter methods.
Lint/Void	1.89.0	Bug fixes	LOW-other	Fix `Lint/Void` to no longer autocorrect a constant used in a void context, since removing it can change behavior through constant autoloading side effects.
Metrics/AbcSize	1.88.0	Changes	LOW-other	Reword cop descriptions that did not start with a verb (e.g. `Lint/UnreachableCode`, `Metrics/AbcSize`, `Security/Eval`) for consistency.
Metrics/AbcSize	1.91.0	Changes	LOW-other	Disable `Metrics/MethodLength`, `Metrics/AbcSize`, `Metrics/ClassLength`, `Metrics/ModuleLength`, `Metrics/CyclomaticComplexity`, `Metrics/PerceivedComplexity`, `Metrics/BlockLength`, `Metrics/ParameterLists` and `Metrics/BlockNesting` under `Preview`, ahead of them being disabled by default in RuboCop 2.0.
Metrics/BlockLength	1.91.0	Changes	LOW-other	Disable `Metrics/MethodLength`, `Metrics/AbcSize`, `Metrics/ClassLength`, `Metrics/ModuleLength`, `Metrics/CyclomaticComplexity`, `Metrics/PerceivedComplexity`, `Metrics/BlockLength`, `Metrics/ParameterLists` and `Metrics/BlockNesting` under `Preview`, ahead of them being disabled by default in RuboCop 2.0.
Metrics/BlockNesting	1.91.0	Changes	LOW-other	Disable `Metrics/MethodLength`, `Metrics/AbcSize`, `Metrics/ClassLength`, `Metrics/ModuleLength`, `Metrics/CyclomaticComplexity`, `Metrics/PerceivedComplexity`, `Metrics/BlockLength`, `Metrics/ParameterLists` and `Metrics/BlockNesting` under `Preview`, ahead of them being disabled by default in RuboCop 2.0.
Metrics/ClassLength	1.91.0	Changes	LOW-other	Disable `Metrics/MethodLength`, `Metrics/AbcSize`, `Metrics/ClassLength`, `Metrics/ModuleLength`, `Metrics/CyclomaticComplexity`, `Metrics/PerceivedComplexity`, `Metrics/BlockLength`, `Metrics/ParameterLists` and `Metrics/BlockNesting` under `Preview`, ahead of them being disabled by default in RuboCop 2.0.
Metrics/CollectionLiteralLength	1.88.0	Changes	LOW-rename	Rename inconsistently named cop parameters to follow RuboCop's conventions (the old names are deprecated but still work): `Bundler/GemComment`'s `IgnoredGems` to `AllowedGems`, `Lint/NumberConversion`'s `IgnoredClasses` to `AllowedClasses`, `Lint/MissingCopEnableDirective`'s `MaximumRangeSize` to `MaxRangeSize`, `Metrics/CollectionLiteralLength`'s `LengthThreshold` to `Max`, and `Style/FetchEnvVar`'s `AllowedVars` to `AllowedVariables`.
Metrics/CyclomaticComplexity	1.91.0	Changes	LOW-other	Disable `Metrics/MethodLength`, `Metrics/AbcSize`, `Metrics/ClassLength`, `Metrics/ModuleLength`, `Metrics/CyclomaticComplexity`, `Metrics/PerceivedComplexity`, `Metrics/BlockLength`, `Metrics/ParameterLists` and `Metrics/BlockNesting` under `Preview`, ahead of them being disabled by default in RuboCop 2.0.
Metrics/MethodLength	1.88.1	Bug fixes	HIGH-crash/hang	Fix a crash for `Metrics/MethodLength` with an anonymous `define_method`.
Metrics/MethodLength	1.89.0	Bug fixes	HIGH-crash/hang	Fix an error for `Metrics/MethodLength` when a method contains a heredoc and `__ENCODING__`.
Metrics/MethodLength	1.91.0	Changes	LOW-other	Disable `Metrics/MethodLength`, `Metrics/AbcSize`, `Metrics/ClassLength`, `Metrics/ModuleLength`, `Metrics/CyclomaticComplexity`, `Metrics/PerceivedComplexity`, `Metrics/BlockLength`, `Metrics/ParameterLists` and `Metrics/BlockNesting` under `Preview`, ahead of them being disabled by default in RuboCop 2.0.
Metrics/ModuleLength	1.91.0	Changes	LOW-other	Disable `Metrics/MethodLength`, `Metrics/AbcSize`, `Metrics/ClassLength`, `Metrics/ModuleLength`, `Metrics/CyclomaticComplexity`, `Metrics/PerceivedComplexity`, `Metrics/BlockLength`, `Metrics/ParameterLists` and `Metrics/BlockNesting` under `Preview`, ahead of them being disabled by default in RuboCop 2.0.
Metrics/ParameterLists	1.91.0	Changes	LOW-other	Disable `Metrics/MethodLength`, `Metrics/AbcSize`, `Metrics/ClassLength`, `Metrics/ModuleLength`, `Metrics/CyclomaticComplexity`, `Metrics/PerceivedComplexity`, `Metrics/BlockLength`, `Metrics/ParameterLists` and `Metrics/BlockNesting` under `Preview`, ahead of them being disabled by default in RuboCop 2.0.
Metrics/PerceivedComplexity	1.88.1	Changes	LOW-other	Update `Metrics/PerceivedComplexity` to weight simple `case`/`in` pattern branches the same as `case`/`when` branches.
Metrics/PerceivedComplexity	1.91.0	Changes	LOW-other	Disable `Metrics/MethodLength`, `Metrics/AbcSize`, `Metrics/ClassLength`, `Metrics/ModuleLength`, `Metrics/CyclomaticComplexity`, `Metrics/PerceivedComplexity`, `Metrics/BlockLength`, `Metrics/ParameterLists` and `Metrics/BlockNesting` under `Preview`, ahead of them being disabled by default in RuboCop 2.0.
Naming/AccessorMethodName	1.89.0	Bug fixes	MED-fp/fn	Fix false positives for `Naming/PredicatePrefix` and `Naming/AccessorMethodName` when the method overrides an ancestor method defined in the project (`UseProjectIndex`).
Naming/BinaryOperatorParameterName	1.90.0	Bug fixes	HIGH-autocorrect	Fix an incorrect autocorrect for `Naming/BinaryOperatorParameterName`.
Naming/BlockForwarding	1.91.0	Bug fixes	HIGH-autocorrect	Fix an incorrect autocorrect for `Naming/BlockForwarding` with `Style/MethodDefParentheses`.
Naming/FileName	1.88.1	Bug fixes	MED-fp/fn	Fix a false positive for `Naming/FileName` when a class or module name contains multiple consecutive `AllowedAcronyms`.
Naming/HeredocDelimiterNaming	1.91.0	Changes	LOW-other	Disable `Style/IfUnlessModifier`, `Style/GuardClause`, `Style/Next`, `Style/ClassAndModuleChildren`, `Style/DoubleNegation`, `Style/NumericPredicate`, `Style/SpecialGlobalVars`, `Style/PerlBackrefs`, `Style/FrozenStringLiteralComment`, `Style/FormatStringToken`, `Style/FormatString`, `Style/RegexpLiteral`, `Style/SignalException`, `Style/Lambda`, `Style/ParallelAssignment`, `Style/RaiseArgs`, `Style/ModuleFunction`, `Style/BlockDelimiters`, `Style/NumericLiterals`, `Style/NegatedIf`, `Naming/VariableNumber`, `Naming/HeredocDelimiterNaming`, `Layout/EmptyLineAfterGuardClause` and `Bundler/OrderedGems` under `Preview`, ahead of them being disabled by default in RuboCop 2.0.
Naming/InclusiveLanguage	1.88.1	Bug fixes	HIGH-crash/hang	Fix a crash for `Naming/InclusiveLanguage` with nil or empty `FlaggedTerms`.
Naming/MemoizedInstanceVariableName	1.88.1	Bug fixes	HIGH-autocorrect	Fix an incorrect autocorrect for `Naming/MemoizedInstanceVariableName`.
Naming/PredicatePrefix	1.89.0	Bug fixes	MED-fp/fn	Fix false positives for `Naming/PredicatePrefix` and `Naming/AccessorMethodName` when the method overrides an ancestor method defined in the project (`UseProjectIndex`).
Naming/RescuedExceptionsVariableName	1.88.1	Bug fixes	HIGH-autocorrect	Fix an incorrect autocorrect for `Naming/RescuedExceptionsVariableName`.
Naming/VariableNumber	1.89.0	Bug fixes	MED-fp/fn	Fix a false positive for `Naming/VariableNumber` when using an empty symbol hash key.
Naming/VariableNumber	1.91.0	Changes	LOW-other	Disable `Style/IfUnlessModifier`, `Style/GuardClause`, `Style/Next`, `Style/ClassAndModuleChildren`, `Style/DoubleNegation`, `Style/NumericPredicate`, `Style/SpecialGlobalVars`, `Style/PerlBackrefs`, `Style/FrozenStringLiteralComment`, `Style/FormatStringToken`, `Style/FormatString`, `Style/RegexpLiteral`, `Style/SignalException`, `Style/Lambda`, `Style/ParallelAssignment`, `Style/RaiseArgs`, `Style/ModuleFunction`, `Style/BlockDelimiters`, `Style/NumericLiterals`, `Style/NegatedIf`, `Naming/VariableNumber`, `Naming/HeredocDelimiterNaming`, `Layout/EmptyLineAfterGuardClause` and `Bundler/OrderedGems` under `Preview`, ahead of them being disabled by default in RuboCop 2.0.
Security/Eval	1.88.0	Changes	LOW-other	Reword cop descriptions that did not start with a verb (e.g. `Lint/UnreachableCode`, `Metrics/AbcSize`, `Security/Eval`) for consistency.
Security/IoMethods	1.88.1	Bug fixes	HIGH-crash/hang	Fix a crash for `Security/IoMethods` with a non-string-literal argument.
Security/MarshalLoad	1.88.1	Bug fixes	MED-fp/fn	Fix a false negative for `Security/MarshalLoad` with a proc argument.
Style/AccessModifierDeclarations	1.86.1	Bug fixes	LOW-other	Fix `Style/AccessModifierDeclarations` inline autocorrect dropping comments between the access modifier and the following method definition.
Style/AccessModifierDeclarations	1.91.0	Bug fixes	HIGH-crash/hang	Fix an error for `Style/AccessModifierDeclarations` when a body repeats the same access modifier.
Style/AccessModifierDeclarations	1.91.0	Bug fixes	HIGH-crash/hang	Fix an error for `Style/AccessModifierDeclarations` with `EnforcedStyle: inline` when an access modifier is the body of an `if` without an `else` branch.
Style/AccessorGrouping	1.88.1	Bug fixes	LOW-other	Fix comment duplication for `Style/AccessorGrouping` with a single-line trailing comment.
Style/Alias	1.87.0	Bug fixes	HIGH-autocorrect	Fix incorrect autocorrect for `Style/Alias` causing a syntax error when the return value of `alias_method` is used, such as an argument to `public`, `private`, `protected`, or `module_function`, or the right-hand side of an assignment.
Style/Alias	1.88.0	Bug fixes	MED-fp/fn	Fix `Style/Alias` not detecting block scope for numbered-parameter and `it` blocks, which caused a false positive for `alias_method` and a false negative for `alias` inside such blocks.
Style/Alias	1.91.0	Changes	LOW-other	Set the community-preferred `EnforcedStyle` of `Style/StringLiterals`, `Style/StringLiteralsInInterpolation`, `Layout/CaseIndentation`, `Layout/EndAlignment`, `Layout/MultilineMethodCallIndentation`, `Layout/MultilineOperationIndentation`, `Layout/FirstHashElementIndentation`, `Layout/FirstArrayElementIndentation`, `Layout/ParameterAlignment`, `Layout/ArgumentAlignment`, `Style/EmptyMethod`, `Style/Alias`, `Style/RescueStandardError` and `Style/TernaryParentheses` under `Preview`, ahead of them becoming the defaults in RuboCop 2.0.
Style/AndOr	1.86.0	Bug fixes	LOW-other	Fix `Style/AndOr` adding unnecessary parentheses around `return` without arguments.
Style/AndOr	1.88.0	Bug fixes	HIGH-autocorrect	Fix an incorrect autocorrect for `Style/AndOr` when an operand is `next`, `break`, or `yield` with an argument (e.g. `foo and next 1`), which produced invalid Ruby like `foo && next 1`.
Style/ArgumentsForwarding	1.88.2	Bug fixes	HIGH-autocorrect	Fix an incorrect autocorrect for `Style/ArgumentsForwarding` and `Style/MethodDefParentheses` when autocorrection conflicts while adding parentheses to method definition arguments.
Style/ArrayFirstLast	1.88.0	Bug fixes	HIGH-autocorrect	Fix an incorrect autocorrect for `Style/ArrayFirstLast` when `arr[0]`/`arr[-1]` is the target of a compound assignment (e.g. `arr[0] += 1`), which produced `arr.first += 1` and raised `NoMethodError`.
Style/ArrayIntersect	1.88.0	Bug fixes	HIGH-autocorrect	Fix an incorrect autocorrect for `Style/ArrayIntersect` where a negated predicate on a safe-navigation chain (e.g. `a&.intersection(b)&.none?`) was rewritten to `!a&.intersect?(b)`, flipping the result when the receiver is `nil`.
Style/ArrayIntersect	1.88.2	Bug fixes	MED-fp/fn	Fix a false negative for `Style/ArrayIntersect` with the block form using `include?` (e.g. `array1.any? { |e| array2.include?(e) }`), which was only detected for `member?`.
Style/ArrayIntersect	1.89.0	Bug fixes	HIGH-crash/hang	Fix an error for `Style/ArrayIntersect` cop when the block-based check calls `member?`/`include?` without an explicit receiver.
Style/ArrayIntersect	1.89.0	Bug fixes	HIGH-autocorrect	Fix an incorrect autocorrect for `Style/ArrayIntersect` when using safe navigation `none?` with a block.
Style/ArrayIntersect	1.89.0	Bug fixes	MED-fp/fn	Fix false positives in `Style/ArrayIntersect` when the receiver of `include?` in a block is not an array literal.
Style/ArrayIntersectWithSingleElement	1.88.0	Bug fixes	MED-fp/fn	Fix a false positive for `Style/ArrayIntersectWithSingleElement` with a splat argument (e.g. `array.intersect?([*foo])`), which is not a single element and was incorrectly rewritten to `array.include?(*foo)`.
Style/BlockDelimiters	1.88.0	Bug fixes	HIGH-autocorrect	Fix an incorrect autocorrect for `Style/BlockDelimiters` that converted a single-line `do...end` block containing a block-level `rescue` or `ensure` to `{...}`, producing invalid Ruby.
Style/BlockDelimiters	1.91.0	Changes	LOW-other	Disable `Style/IfUnlessModifier`, `Style/GuardClause`, `Style/Next`, `Style/ClassAndModuleChildren`, `Style/DoubleNegation`, `Style/NumericPredicate`, `Style/SpecialGlobalVars`, `Style/PerlBackrefs`, `Style/FrozenStringLiteralComment`, `Style/FormatStringToken`, `Style/FormatString`, `Style/RegexpLiteral`, `Style/SignalException`, `Style/Lambda`, `Style/ParallelAssignment`, `Style/RaiseArgs`, `Style/ModuleFunction`, `Style/BlockDelimiters`, `Style/NumericLiterals`, `Style/NegatedIf`, `Naming/VariableNumber`, `Naming/HeredocDelimiterNaming`, `Layout/EmptyLineAfterGuardClause` and `Bundler/OrderedGems` under `Preview`, ahead of them being disabled by default in RuboCop 2.0.
Style/CaseEquality	1.88.0	Bug fixes	HIGH-autocorrect	Fix an incorrect autocorrect for `Style/CaseEquality` when the argument is an operator or unary expression (e.g. `Array === a + b`), which produced mis-parsed code like `a + b.is_a?(Array)`.
Style/ClassAndModuleChildren	1.87.0	Bug fixes	HIGH-autocorrect	Fix incorrect autocorrect for `Style/ClassAndModuleChildren` causing a syntax error when the namespace contains a method call (e.g., `class self.class::Foo; end`).
Style/ClassAndModuleChildren	1.89.0	New features	LOW-other	Support autocorrection for tab indentation in `Layout/IndentationWidth` and `Style/ClassAndModuleChildren`.
Style/ClassAndModuleChildren	1.89.0	Bug fixes	LOW-other	Fix `Style/ClassAndModuleChildren` ignoring `EnforcedStyleForClasses` and `EnforcedStyleForModules`, and skip autocorrection when mixed per-type styles make the result ambiguous.
Style/ClassAndModuleChildren	1.89.0	Changes	LOW-other	Change `Style/ClassAndModuleChildren` autocorrection to consult the project index for the namespace kind and definition sites when `UseProjectIndex` is enabled.
Style/ClassAndModuleChildren	1.91.0	Changes	LOW-other	Disable `Style/IfUnlessModifier`, `Style/GuardClause`, `Style/Next`, `Style/ClassAndModuleChildren`, `Style/DoubleNegation`, `Style/NumericPredicate`, `Style/SpecialGlobalVars`, `Style/PerlBackrefs`, `Style/FrozenStringLiteralComment`, `Style/FormatStringToken`, `Style/FormatString`, `Style/RegexpLiteral`, `Style/SignalException`, `Style/Lambda`, `Style/ParallelAssignment`, `Style/RaiseArgs`, `Style/ModuleFunction`, `Style/BlockDelimiters`, `Style/NumericLiterals`, `Style/NegatedIf`, `Naming/VariableNumber`, `Naming/HeredocDelimiterNaming`, `Layout/EmptyLineAfterGuardClause` and `Bundler/OrderedGems` under `Preview`, ahead of them being disabled by default in RuboCop 2.0.
Style/ClassEqualityComparison	1.88.0	Bug fixes	HIGH-autocorrect	Fix an incorrect autocorrect for `Style/ClassEqualityComparison` inside a namespace when the class name string is already fully qualified (e.g. `bar.class.name == '::Bar'`), which produced `instance_of?(::::Bar)` and was a syntax error.
Style/ClassEqualityComparison	1.88.0	Bug fixes	HIGH-autocorrect	Fix an incorrect autocorrect for `Style/ClassEqualityComparison` when comparing `Class` itself to a string literal (e.g. `var.class == 'Date'`), which produced `var.instance_of?('Date')` and raised `TypeError`; such comparisons are no longer autocorrected.
Style/ClassMethodsDefinitions	1.88.0	Bug fixes	HIGH-autocorrect	Fix an incorrect autocorrect for `Style/ClassMethodsDefinitions` that corrupted a preceding comment containing `def <name>` and left the method undefined as a class method.
Style/CollectionCompact	1.88.2	Bug fixes	MED-fp/fn	Fix a false negative for `Style/CollectionCompact`, which did not flag `grep_v(nil)`/`grep_v(NilClass)` on a safe-navigation call (e.g. `array&.grep_v(nil)`).
Style/ColonMethodCall	1.88.0	Bug fixes	MED-fp/fn	Fix a false positive for `Style/ColonMethodCall` with chained JRuby interop calls (e.g. `Java::com::something_method`).
Style/CombinableLoops	1.88.0	Bug fixes	HIGH-crash/hang	Fix a crash for `Style/CombinableLoops` when a `for` loop has an empty body, and stop autocorrecting consecutive `for` loops whose iteration variables differ (which produced code referencing an undefined variable).
Style/ComparableClamp	1.88.0	Bug fixes	HIGH-autocorrect	Fix an incorrect autocorrect for `Style/ComparableClamp` when the clamped value is an operator expression (e.g. `a + b`), which produced mis-parsed code like `a + b.clamp(low, high)`.
Style/ConcatArrayLiterals	1.86.0	Bug fixes	LOW-other	Fix `Style/ConcatArrayLiterals` autocorrect deleting code for percent literals with interpolation.
Style/ConcatArrayLiterals	1.88.0	Bug fixes	HIGH-autocorrect	Fix an incorrect autocorrect for `Style/ConcatArrayLiterals` with an empty array literal argument (e.g. `arr.concat([], [b])`), which produced invalid Ruby like `arr.push(, b)`.
Style/ConditionalAssignment	1.88.0	Bug fixes	MED-fp/fn	Fix a false positive for `Style/ConditionalAssignment` with `EnforcedStyle: assign_inside_condition` when assigning an `unless` without an `else` branch (e.g. `x = unless cond; 1; end`), which was rewritten to move the assignment inside the `unless` and changed behavior when the condition was true.
Style/ConditionalAssignment	1.88.0	Bug fixes	HIGH-autocorrect	Fix an incorrect autocorrect for `Style/ConditionalAssignment` with `EnforcedStyle: assign_inside_condition` and a single-line `case`.
Style/ConditionalAssignment	1.89.0	Changes	LOW-other	Make `Style/ConditionalAssignment` skip cases it cannot safely rewrite instead of emitting invalid code or erroring on unusual branch shapes.
Style/ConstantVisibility	1.88.0	Bug fixes	HIGH-crash/hang	Fix a crash for `Style/ConstantVisibility` when a visibility declaration has a numeric literal argument (e.g. `private_constant 42`).
Style/ConstantVisibility	1.91.0	Bug fixes	HIGH-crash/hang	Fix an error for `Style/ConstantVisibility` when a visibility declaration splats anything other than an array literal, e.g. `private_constant(*constants(false))`.
Style/Copyright	1.86.2	Bug fixes	MED-fp/fn	Fix false positives in `Style/Copyright` when `Notice` pattern starts with `\A#`, uses `\s` metacharacters, or has multiple spaces after `#`.
Style/Copyright	1.86.2	Bug fixes	HIGH-autocorrect	Fix incorrect autocorrect in `Style/Copyright` when `AutocorrectNotice` lacks a `#` prefix or `Notice` pattern starts with `^#`.
Style/Copyright	1.89.0	Changes	LOW-other	Change `Style/Copyright` to validate `AutocorrectNotice` only when autocorrection is requested (`-a`/`-A`), so plain inspection no longer raises a warning.
Style/DataInheritance	1.88.1	Bug fixes	HIGH-autocorrect	Fix an incorrect autocorrect for `Style/DataInheritance` with a brace block.
Style/DataInheritance	1.91.0	Bug fixes	LOW-other	Fix `Style/DataInheritance` to not register an offense when the class body defines constants, nested classes, or nested modules.
Style/DateTime	1.88.0	Bug fixes	MED-fp/fn	Fix false positives for `Style/DateTime`: a bare `to_datetime` call on implicit self is no longer flagged, and historic-date calls using safe navigation (e.g. `DateTime&.iso8601(str, Date::ENGLAND)`) are now exempted.
Style/DefWithParentheses	1.88.2	Bug fixes	MED-fp/fn	Fix a false negative for `Style/DefWithParentheses` with a single-line definition whose body follows a semicolon (e.g. `def foo(); end`), where the parentheses can be safely omitted.
Style/DigChain	1.88.0	Bug fixes	HIGH-autocorrect	Fix an incorrect autocorrect for `Style/DigChain` that duplicated a trailing comment and dropped indentation when the chain was inside a method or block.
Style/DirEmpty	1.88.1	Bug fixes	MED-fp/fn	Fix a false positive for `Style/DirEmpty` with a block.
Style/DisableCopsWithinSourceCodeDirective	1.89.0	New features	LOW-other	Add `DisallowedCops` configuration option to `Style/DisableCopsWithinSourceCodeDirective`.
Style/DisableCopsWithinSourceCodeDirective	1.89.0	New features	LOW-other	Make `Style/DisableCopsWithinSourceCodeDirective` impossible to disable via directive comments when explicitly enabled with `Enabled: true`.
Style/DisableCopsWithinSourceCodeDirective	1.89.0	Changes	LOW-other	Improve `Style/DisableCopsWithinSourceCodeDirective` performance on large `AllowedCops` and `DisallowedCops` lists by matching directives against memoized sets instead of rebuilding an array lookup per comment.
Style/DisableCopsWithinSourceCodeDirective	1.90.0	New features	LOW-other	Add `AllowTrailingComment` option to `Style/DisableCopsWithinSourceCodeDirective`.
Style/DisableCopsWithinSourceCodeDirective	1.91.0	New features	LOW-other	Add `AllowedDirectives` option to `Style/DisableCopsWithinSourceCodeDirective`, exempting directive kinds such as generated `rubocop:todo` comments.
Style/DisableCopsWithinSourceCodeDirective	1.91.0	Changes	LOW-other	Make `AllowedCops` and `DisallowedCops` of `Style/DisableCopsWithinSourceCodeDirective` match department names as well as cop names.
Style/DisableCopsWithinSourceCodeDirective	1.91.0	Changes	LOW-rename	Rename the `AllowTrailingComment` option of `Style/DisableCopsWithinSourceCodeDirective` to `AllowWithReason`.
Style/DocumentDynamicEvalDefinition	1.86.2	Bug fixes	MED-fp/fn	Fix false positives in `Style/DocumentDynamicEvalDefinition` when the heredoc contains an escaped interpolation (`\#{...}`).
Style/Documentation	1.89.0	Changes	LOW-other	Change `Style/Documentation` to accept a reopened class or module documented at another definition site when `UseProjectIndex` is enabled.
Style/Documentation	1.91.0	Changes	LOW-other	Disable `Style/Documentation` under `Preview`, ahead of it being disabled by default in RuboCop 2.0.
Style/DocumentationMethod	1.88.2	Bug fixes	LOW-other	Fix `Style/DocumentationMethod` ignoring `AllowedMethods` for inline modifier defs.
Style/DocumentationMethod	1.91.0	Bug fixes	HIGH-crash/hang	Fix an error for `Style/DocumentationMethod` when an inline `module_function`/`ruby2_keywords` `def` is preceded by another argument.
Style/DoubleCopDisableDirective	1.91.0	Changes	LOW-other	Remove `Style/DoubleCopDisableDirective`, superseded by `Lint/CopDirectiveSyntax`, which now reports and corrects more than one directive on a line.
Style/DoubleNegation	1.91.0	Changes	LOW-other	Disable `Style/IfUnlessModifier`, `Style/GuardClause`, `Style/Next`, `Style/ClassAndModuleChildren`, `Style/DoubleNegation`, `Style/NumericPredicate`, `Style/SpecialGlobalVars`, `Style/PerlBackrefs`, `Style/FrozenStringLiteralComment`, `Style/FormatStringToken`, `Style/FormatString`, `Style/RegexpLiteral`, `Style/SignalException`, `Style/Lambda`, `Style/ParallelAssignment`, `Style/RaiseArgs`, `Style/ModuleFunction`, `Style/BlockDelimiters`, `Style/NumericLiterals`, `Style/NegatedIf`, `Naming/VariableNumber`, `Naming/HeredocDelimiterNaming`, `Layout/EmptyLineAfterGuardClause` and `Bundler/OrderedGems` under `Preview`, ahead of them being disabled by default in RuboCop 2.0.
Style/EmptyCaseCondition	1.88.1	Bug fixes	HIGH-autocorrect	Fix an incorrect autocorrect for `Style/EmptyCaseCondition` as a `yield`/`super` argument.
Style/EmptyCaseCondition	1.88.1	Bug fixes	HIGH-autocorrect	Fix an incorrect autocorrect for `Style/EmptyCaseCondition` with low-precedence `when` values.
Style/EmptyClassDefinition	1.85.0	Bug fixes	LOW-other	Allow classes without a superclass in `Style/EmptyClassDefinition`.
Style/EmptyClassDefinition	1.85.0	Bug fixes	LOW-other	Improve `Style/EmptyClassDefinition` message wording.
Style/EmptyClassDefinition	1.85.0	Changes	LOW-rename	Rename `class_definition` to `class_keyword` in `EnforcedStyle` of `Style/EmptyClassDefinition`.
Style/EmptyClassDefinition	1.86.0	New features	LOW-other	Add `AllowedParentClasses` option to `Style/EmptyClassDefinition`.
Style/EmptyClassDefinition	1.88.1	Bug fixes	HIGH-autocorrect	Fix an incorrect autocorrect for `Style/EmptyClassDefinition` with a namespaced constant.
Style/EmptyHeredoc	1.88.1	Bug fixes	HIGH-autocorrect	Fix an incorrect autocorrect for `Style/EmptyHeredoc`.
Style/EmptyLiteral	1.88.1	Bug fixes	MED-fp/fn	Fix a false positive for `Style/EmptyLiteral` with numbered and `it` block parameters.
Style/EmptyMethod	1.91.0	Bug fixes	HIGH-crash/hang	Fix an infinite loop between `Style/EmptyMethod` and `Style/SingleLineMethods` with `AllowIfMethodIsEmpty: false`.
Style/EmptyMethod	1.91.0	Changes	LOW-other	Set the community-preferred `EnforcedStyle` of `Style/StringLiterals`, `Style/StringLiteralsInInterpolation`, `Layout/CaseIndentation`, `Layout/EndAlignment`, `Layout/MultilineMethodCallIndentation`, `Layout/MultilineOperationIndentation`, `Layout/FirstHashElementIndentation`, `Layout/FirstArrayElementIndentation`, `Layout/ParameterAlignment`, `Layout/ArgumentAlignment`, `Style/EmptyMethod`, `Style/Alias`, `Style/RescueStandardError` and `Style/TernaryParentheses` under `Preview`, ahead of them becoming the defaults in RuboCop 2.0.
Style/EmptyStringInsideInterpolation	1.88.1	Bug fixes	HIGH-crash/hang	Fix a crash for `Style/EmptyStringInsideInterpolation` with a modifier conditional.
Style/EndlessMethod	1.85.0	Changes	LOW-other	Change `Style/EndlessMethod` cop to consider receivers.
Style/EndlessMethod	1.91.0	Bug fixes	HIGH-crash/hang	Fix an error for `Style/EndlessMethod` when a method definition is nested inside another method definition.
Style/EndlessMethod	1.91.0	Bug fixes	HIGH-autocorrect	Fix an incorrect autocorrect for `Style/EndlessMethod` when using `EnforcedStyle: require_always` and the method body has a `rescue` or `ensure` clause.
Style/EndlessMethod	1.91.0	Bug fixes	HIGH-crash/hang	Fix an infinite loop error for `Style/EndlessMethod` when an indented method definition would exceed `Layout/LineLength` once made endless.
Style/EndlessMethod	1.91.0	Bug fixes	HIGH-crash/hang	Fix an infinite loop error for `Style/EndlessMethod` when a method body is a block spread over several lines.
Style/EnvHome	1.88.1	Bug fixes	MED-fp/fn	Fix a false positive for `Style/EnvHome`.
Style/EvenOdd	1.88.1	Bug fixes	HIGH-autocorrect	Fix an incorrect autocorrect for `Style/EvenOdd`.
Style/ExactRegexpMatch	1.88.1	Bug fixes	HIGH-autocorrect	Fix an incorrect autocorrect for `Style/ExactRegexpMatch` with a single quote.
Style/FetchEnvVar	1.88.0	Changes	LOW-rename	Rename inconsistently named cop parameters to follow RuboCop's conventions (the old names are deprecated but still work): `Bundler/GemComment`'s `IgnoredGems` to `AllowedGems`, `Lint/NumberConversion`'s `IgnoredClasses` to `AllowedClasses`, `Lint/MissingCopEnableDirective`'s `MaximumRangeSize` to `MaxRangeSize`, `Metrics/CollectionLiteralLength`'s `LengthThreshold` to `Max`, and `Style/FetchEnvVar`'s `AllowedVars` to `AllowedVariables`.
Style/FileNull	1.88.1	Bug fixes	HIGH-autocorrect	Fix an incorrect autocorrect for `Style/FileNull`.
Style/FileWrite	1.87.0	Bug fixes	HIGH-autocorrect	Fix incorrect autocorrect for `Style/FileWrite` causing a syntax error when the written heredoc is chained with another method call.
Style/FileWrite	1.88.0	Bug fixes	HIGH-crash/hang	Fix an error for `Style/FileWrite` when a literal or variable is passed to `write` in the block form.
Style/FileWrite	1.88.0	Bug fixes	HIGH-autocorrect	Fix incorrect autocorrects for `Style/FileWrite` that deleted or duplicated heredoc bodies when a heredoc was used as the filename, in an argument expression, or in an inline block.
Style/FloatDivision	1.91.0	Bug fixes	HIGH-crash/hang	Fix an error for `Style/FloatDivision` when using `EnforcedStyle: fdiv` and one operand of a float division is itself a parenthesized float division.
Style/FloatDivision	1.91.0	Bug fixes	HIGH-autocorrect	Fix an incorrect autocorrect for `Style/FloatDivision` when using `EnforcedStyle: fdiv` and the divisor is a method call with parenthesized arguments.
Style/For	1.88.1	Bug fixes	HIGH-autocorrect	Fix an incorrect autocorrect for `Style/For`.
Style/For	1.91.0	Bug fixes	HIGH-autocorrect	Fix an incorrect autocorrect for `Style/For` when using `EnforcedStyle: for` and the block body has a `rescue` or `ensure` clause.
Style/FormatString	1.88.1	Bug fixes	HIGH-autocorrect	Fix an incorrect autocorrect for `Style/FormatString` with a low-precedence argument.
Style/FormatString	1.88.1	Bug fixes	HIGH-autocorrect	Fix an incorrect autocorrect for `Style/FormatString` with a splat argument.
Style/FormatString	1.91.0	Changes	LOW-other	Disable `Style/IfUnlessModifier`, `Style/GuardClause`, `Style/Next`, `Style/ClassAndModuleChildren`, `Style/DoubleNegation`, `Style/NumericPredicate`, `Style/SpecialGlobalVars`, `Style/PerlBackrefs`, `Style/FrozenStringLiteralComment`, `Style/FormatStringToken`, `Style/FormatString`, `Style/RegexpLiteral`, `Style/SignalException`, `Style/Lambda`, `Style/ParallelAssignment`, `Style/RaiseArgs`, `Style/ModuleFunction`, `Style/BlockDelimiters`, `Style/NumericLiterals`, `Style/NegatedIf`, `Naming/VariableNumber`, `Naming/HeredocDelimiterNaming`, `Layout/EmptyLineAfterGuardClause` and `Bundler/OrderedGems` under `Preview`, ahead of them being disabled by default in RuboCop 2.0.
Style/FormatStringToken	1.91.0	Changes	LOW-other	Disable `Style/IfUnlessModifier`, `Style/GuardClause`, `Style/Next`, `Style/ClassAndModuleChildren`, `Style/DoubleNegation`, `Style/NumericPredicate`, `Style/SpecialGlobalVars`, `Style/PerlBackrefs`, `Style/FrozenStringLiteralComment`, `Style/FormatStringToken`, `Style/FormatString`, `Style/RegexpLiteral`, `Style/SignalException`, `Style/Lambda`, `Style/ParallelAssignment`, `Style/RaiseArgs`, `Style/ModuleFunction`, `Style/BlockDelimiters`, `Style/NumericLiterals`, `Style/NegatedIf`, `Naming/VariableNumber`, `Naming/HeredocDelimiterNaming`, `Layout/EmptyLineAfterGuardClause` and `Bundler/OrderedGems` under `Preview`, ahead of them being disabled by default in RuboCop 2.0.
Style/FrozenStringLiteralComment	1.91.0	Changes	LOW-other	Disable `Style/IfUnlessModifier`, `Style/GuardClause`, `Style/Next`, `Style/ClassAndModuleChildren`, `Style/DoubleNegation`, `Style/NumericPredicate`, `Style/SpecialGlobalVars`, `Style/PerlBackrefs`, `Style/FrozenStringLiteralComment`, `Style/FormatStringToken`, `Style/FormatString`, `Style/RegexpLiteral`, `Style/SignalException`, `Style/Lambda`, `Style/ParallelAssignment`, `Style/RaiseArgs`, `Style/ModuleFunction`, `Style/BlockDelimiters`, `Style/NumericLiterals`, `Style/NegatedIf`, `Naming/VariableNumber`, `Naming/HeredocDelimiterNaming`, `Layout/EmptyLineAfterGuardClause` and `Bundler/OrderedGems` under `Preview`, ahead of them being disabled by default in RuboCop 2.0.
Style/GuardClause	1.89.0	Changes	LOW-other	Make `Style/IfUnlessModifier`, `Style/WhileUntilModifier`, `Style/GuardClause`, and other modifier cops respect `Layout/LineLength` exemptions (allowed patterns, cop directives, allowed URIs) when checking whether the modifier form fits on one line.
Style/GuardClause	1.91.0	Bug fixes	HIGH-autocorrect	Fix an incorrect autocorrect for `Style/GuardClause` with `Style/MissingElse`.
Style/GuardClause	1.91.0	Changes	LOW-other	Disable `Style/IfUnlessModifier`, `Style/GuardClause`, `Style/Next`, `Style/ClassAndModuleChildren`, `Style/DoubleNegation`, `Style/NumericPredicate`, `Style/SpecialGlobalVars`, `Style/PerlBackrefs`, `Style/FrozenStringLiteralComment`, `Style/FormatStringToken`, `Style/FormatString`, `Style/RegexpLiteral`, `Style/SignalException`, `Style/Lambda`, `Style/ParallelAssignment`, `Style/RaiseArgs`, `Style/ModuleFunction`, `Style/BlockDelimiters`, `Style/NumericLiterals`, `Style/NegatedIf`, `Naming/VariableNumber`, `Naming/HeredocDelimiterNaming`, `Layout/EmptyLineAfterGuardClause` and `Bundler/OrderedGems` under `Preview`, ahead of them being disabled by default in RuboCop 2.0.
Style/HashAsLastArrayItem	1.85.0	Changes	LOW-other	Tweak autocorrection in `Style/HashAsLastArrayItem` when multiline hash elements.
Style/HashConversion	1.87.0	Bug fixes	HIGH-autocorrect	Fix incorrect autocorrect for `Style/HashConversion` causing a syntax error when `Hash[...]` is passed an anonymous splat (`*`).
Style/HashConversion	1.88.2	Bug fixes	MED-fp/fn	Fix a false positive for `Style/HashConversion` with a splat argument, which previously produced an invalid hash literal.
Style/HashLookupMethod	1.86.0	New features	LOW-other	Support `AllowedReceivers` for `Style/HashLookupMethod`.
Style/HashLookupMethod	1.86.2	Bug fixes	HIGH-crash/hang	Fix an error for `Style/HashLookupMethod` when chaining `fetch` (or `[]`) calls on the same expression.
Style/HashLookupMethod	1.88.2	Bug fixes	MED-fp/fn	Fix a false positive for `Style/HashLookupMethod` with safe navigation, where the suggested bracket form would be the unreadable `hash&.[](key)`.
Style/HashLookupMethod	1.91.0	Bug fixes	HIGH-crash/hang	Fix an error for `Style/HashLookupMethod` when the looked-up key is itself a hash lookup.
Style/HashSlice	1.88.1	Bug fixes	HIGH-autocorrect	Fix an incorrect autocorrect for `Style/HashSlice`.
Style/HashSyntax	1.88.1	Bug fixes	HIGH-autocorrect	Fix an incorrect autocorrect for `Style/HashSyntax` with a multi-pair braceless `return`.
Style/HashSyntax	1.91.0	Bug fixes	HIGH-crash/hang	Fix an error for `Style/HashSyntax` when hash rockets are enforced and a hash value repeats its key.
Style/HashTransformKeys	1.85.0	Bug fixes	MED-fp/fn	Fix false positives in `Style/HashTransformKeys` and `Style/HashTransformValues`.
Style/HashTransformKeys	1.88.1	Bug fixes	HIGH-autocorrect	Fix incorrect autocorrects for `Style/HashTransformKeys` and `Style/HashTransformValues` with a splat.
Style/HashTransformValues	1.85.0	Bug fixes	MED-fp/fn	Fix false positives in `Style/HashTransformKeys` and `Style/HashTransformValues`.
Style/HashTransformValues	1.88.1	Bug fixes	HIGH-autocorrect	Fix incorrect autocorrects for `Style/HashTransformKeys` and `Style/HashTransformValues` with a splat.
Style/IdenticalConditionalBranches	1.88.2	Bug fixes	HIGH-autocorrect	Fix an incorrect autocorrect for `Style/IdenticalConditionalBranches` that hoisted the moved expression to column zero instead of matching the surrounding indentation.
Style/IfInsideElse	1.86.2	Bug fixes	LOW-other	Fix `Style/IfInsideElse` autocorrect moving comments into the wrong branch when a comment precedes the nested `if` in an `else`.
Style/IfUnlessModifier	1.85.0	Bug fixes	MED-fp/fn	Fix false positives in `Style/IfUnlessModifier` when modifier forms are used inside string interpolations.
Style/IfUnlessModifier	1.86.0	Bug fixes	HIGH-autocorrect	Fix incorrect autocorrection for `Style/IfUnlessModifier` when multiple `if`/`unless` modifier forms are on the same line inside a collection.
Style/IfUnlessModifier	1.88.0	Bug fixes	HIGH-autocorrect	Fix an incorrect autocorrect when `Style/IfUnlessModifier` and `Style/Next` correct the same conditional.
Style/IfUnlessModifier	1.88.2	Changes	LOW-other	Improve performance of `Style/IfUnlessModifier` and other modifier cops on files with many comments or conditionals.
Style/IfUnlessModifier	1.89.0	Changes	LOW-other	Mention the required parentheses in the `Style/IfUnlessModifier` offense message when the condition is part of a larger expression.
Style/IfUnlessModifier	1.89.0	Changes	LOW-other	Make `Style/IfUnlessModifier`, `Style/WhileUntilModifier`, `Style/GuardClause`, and other modifier cops respect `Layout/LineLength` exemptions (allowed patterns, cop directives, allowed URIs) when checking whether the modifier form fits on one line.
Style/IfUnlessModifier	1.91.0	Changes	LOW-other	Disable `Style/IfUnlessModifier`, `Style/GuardClause`, `Style/Next`, `Style/ClassAndModuleChildren`, `Style/DoubleNegation`, `Style/NumericPredicate`, `Style/SpecialGlobalVars`, `Style/PerlBackrefs`, `Style/FrozenStringLiteralComment`, `Style/FormatStringToken`, `Style/FormatString`, `Style/RegexpLiteral`, `Style/SignalException`, `Style/Lambda`, `Style/ParallelAssignment`, `Style/RaiseArgs`, `Style/ModuleFunction`, `Style/BlockDelimiters`, `Style/NumericLiterals`, `Style/NegatedIf`, `Naming/VariableNumber`, `Naming/HeredocDelimiterNaming`, `Layout/EmptyLineAfterGuardClause` and `Bundler/OrderedGems` under `Preview`, ahead of them being disabled by default in RuboCop 2.0.
Style/IfWithSemicolon	1.86.0	Bug fixes	HIGH-autocorrect	Fix incorrect autocorrect in `Style/IfWithSemicolon` when `return` with value is in the `else` branch.
Style/IfWithSemicolon	1.86.0	Bug fixes	HIGH-autocorrect	Fix incorrect autocorrection in `Style/IfWithSemicolon` when using single-line `unless` / `;` / `end`.
Style/IfWithSemicolon	1.88.1	Bug fixes	HIGH-autocorrect	Fix an incorrect autocorrect for `Style/IfWithSemicolon` that changed semantics when the condition was an assignment, by parenthesizing it in the resulting ternary.
Style/InlineComment	1.88.1	Bug fixes	MED-fp/fn	Fix a false positive for `Style/InlineComment` with `rubocop:todo` directives.
Style/InvertibleUnlessCondition	1.88.2	Bug fixes	MED-fp/fn	Fix a false positive for `Style/InvertibleUnlessCondition` with a multi-statement begin condition.
Style/InvertibleUnlessCondition	1.88.2	Bug fixes	HIGH-autocorrect	Fix an incorrect autocorrect for `Style/InvertibleUnlessCondition` with mixed `&&`/`||` conditions, which lost the required parentheses when inverting.
Style/KeywordArgumentsMerging	1.88.1	Bug fixes	HIGH-autocorrect	Fix an incorrect autocorrect for `Style/KeywordArgumentsMerging` with a block-pass argument.
Style/KeywordParametersOrder	1.88.1	Bug fixes	HIGH-autocorrect	Fix an incorrect autocorrect for `Style/KeywordParametersOrder` that inserted a spurious blank line when a keyword optional parameter already trailed the parameters list.
Style/Lambda	1.88.1	Bug fixes	HIGH-autocorrect	Fix incorrect autocorrects for `Style/Lambda` with block-local arguments.
Style/Lambda	1.89.0	Bug fixes	LOW-other	Fix incompatible autocorrect between `Style/Lambda` and `Style/SymbolProc` producing a syntax error like `->(x)(&:method)` when both cops run on `lambda { |x| x.method }`.
Style/Lambda	1.91.0	Changes	LOW-other	Disable `Style/IfUnlessModifier`, `Style/GuardClause`, `Style/Next`, `Style/ClassAndModuleChildren`, `Style/DoubleNegation`, `Style/NumericPredicate`, `Style/SpecialGlobalVars`, `Style/PerlBackrefs`, `Style/FrozenStringLiteralComment`, `Style/FormatStringToken`, `Style/FormatString`, `Style/RegexpLiteral`, `Style/SignalException`, `Style/Lambda`, `Style/ParallelAssignment`, `Style/RaiseArgs`, `Style/ModuleFunction`, `Style/BlockDelimiters`, `Style/NumericLiterals`, `Style/NegatedIf`, `Naming/VariableNumber`, `Naming/HeredocDelimiterNaming`, `Layout/EmptyLineAfterGuardClause` and `Bundler/OrderedGems` under `Preview`, ahead of them being disabled by default in RuboCop 2.0.
Style/LambdaCall	1.88.2	Bug fixes	MED-fp/fn	Fix a false positive for `Style/LambdaCall` when the argument list contains a comment, which the autocorrect would have dropped.
Style/MagicCommentFormat	1.91.0	Changes	MED-fp/fn	Recognize `warn_indent` as a magic comment. This fixes a false positive for `Layout/EmptyLineAfterMagicComment` and makes `Lint/OrderedMagicComments` and `Style/MagicCommentFormat` aware of it.
Style/MapCompactWithConditionalBlock	1.88.1	Changes	HIGH-autocorrect	Mark `Style/MapCompactWithConditionalBlock` autocorrect as unsafe because `compact` also removes `nil` elements already present in the collection.
Style/MapIntoArray	1.88.1	Bug fixes	HIGH-autocorrect	Fix an incorrect autocorrect for `Style/MapIntoArray` with a block-pass argument.
Style/MethodCallWithArgsParentheses	1.89.0	Bug fixes	MED-fp/fn	Fix false positives for `Style/MethodCallWithArgsParentheses` `omit_parentheses` style by verifying each omission by reparsing before registering an offense.
Style/MethodCallWithArgsParentheses	1.91.0	Bug fixes	HIGH-autocorrect	Fix an incorrect autocorrect for `Style/MethodCallWithArgsParentheses` when `EnforcedStyle: omit_parentheses` is used together with `Style/TrailingCommaInArguments`.
Style/MethodCallWithoutArgsParentheses	1.88.1	Bug fixes	HIGH-autocorrect	Fix an incorrect autocorrect for `Style/MethodCallWithoutArgsParentheses` with `it()` in a numbered block.
Style/MethodCallWithoutArgsParentheses	1.88.2	Bug fixes	HIGH-autocorrect	Fix an incorrect autocorrect for `Style/MethodCallWithoutArgsParentheses` when empty parentheses span multiple lines and the method call has a block.
Style/MethodDefParentheses	1.88.1	Bug fixes	MED-fp/fn	Fix a false negative for `Style/MethodDefParentheses` with named rest arguments under `EnforcedStyle: require_no_parentheses`.
Style/MethodDefParentheses	1.88.2	Bug fixes	HIGH-autocorrect	Fix an incorrect autocorrect for `Style/ArgumentsForwarding` and `Style/MethodDefParentheses` when autocorrection conflicts while adding parentheses to method definition arguments.
Style/MethodDefParentheses	1.91.0	Bug fixes	HIGH-autocorrect	Fix an incorrect autocorrect for `Naming/BlockForwarding` with `Style/MethodDefParentheses`.
Style/MinMaxComparison	1.88.1	Bug fixes	HIGH-autocorrect	Fix an incorrect autocorrect for `Style/MinMaxComparison` with `unless`.
Style/MissingElse	1.91.0	Bug fixes	HIGH-autocorrect	Fix an incorrect autocorrect for `Style/GuardClause` with `Style/MissingElse`.
Style/MissingRespondToMissing	1.88.2	Bug fixes	MED-fp/fn	Fix a false positive and a false negative for `Style/MissingRespondToMissing` when `method_missing` is defined at the top level or alongside sibling classes.
Style/MissingRespondToMissing	1.89.0	Bug fixes	MED-fp/fn	Fix a false positive for `Style/MissingRespondToMissing` when `respond_to_missing?` is defined in a reopening of the class and `UseProjectIndex` is enabled.
Style/MixinUsage	1.88.2	Bug fixes	MED-fp/fn	Fix a false negative for `Style/MixinUsage` when including multiple modules in one statement.
Style/ModuleFunction	1.88.2	Bug fixes	MED-fp/fn	Fix a false negative for `Style/ModuleFunction` when the module body is a single statement.
Style/ModuleFunction	1.91.0	Changes	LOW-other	Disable `Style/IfUnlessModifier`, `Style/GuardClause`, `Style/Next`, `Style/ClassAndModuleChildren`, `Style/DoubleNegation`, `Style/NumericPredicate`, `Style/SpecialGlobalVars`, `Style/PerlBackrefs`, `Style/FrozenStringLiteralComment`, `Style/FormatStringToken`, `Style/FormatString`, `Style/RegexpLiteral`, `Style/SignalException`, `Style/Lambda`, `Style/ParallelAssignment`, `Style/RaiseArgs`, `Style/ModuleFunction`, `Style/BlockDelimiters`, `Style/NumericLiterals`, `Style/NegatedIf`, `Naming/VariableNumber`, `Naming/HeredocDelimiterNaming`, `Layout/EmptyLineAfterGuardClause` and `Bundler/OrderedGems` under `Preview`, ahead of them being disabled by default in RuboCop 2.0.
Style/ModuleMemberExistenceCheck	1.86.1	Bug fixes	LOW-other	Exclude `included_modules` from `Style/ModuleMemberExistenceCheck`.
Style/ModuleMemberExistenceCheck	1.86.2	Bug fixes	LOW-other	Exclude `constants` from `Style/ModuleMemberExistenceCheck`.
Style/MultilineIfThen	1.88.1	Bug fixes	MED-fp/fn	Fix a false positive for `Style/MultilineIfThen`.
Style/MultilineIfThen	1.89.0	Bug fixes	MED-fp/fn	Fix false positives in `Style/MultilineIfThen` when using the Prism parser engine and an `elsif` without `then` follows a branch using `then` with a body on the same line.
Style/MultilineMemoization	1.88.1	Bug fixes	HIGH-autocorrect	Fix an incorrect autocorrect for `Style/MultilineMemoization` with `rescue`/`ensure`.
Style/MultilineMethodSignature	1.88.1	Bug fixes	MED-fp/fn	Fix a false negative for `Style/MultilineMethodSignature` where a signature that fits on one line was skipped because the multi-line source length was measured instead of the collapsed width.
Style/MultilineMethodSignature	1.88.1	Bug fixes	HIGH-autocorrect	Fix an incorrect autocorrect for `Style/MultilineMethodSignature`.
Style/MultipleComparison	1.89.0	Bug fixes	HIGH-autocorrect	Fix an incorrect autocorrect for `Style/MultipleComparison` that dropped an allowed method comparison appearing between the compared values.
Style/MutableConstant	1.88.0	New features	LOW-other	Add a new `Recursive` option to `Style/MutableConstant`. When enabled, the cop checks and freezes mutable literals nested inside arrays and hashes. The option is disabled by default to preserve existing behavior.
Style/MutableConstant	1.89.0	Bug fixes	MED-fp/fn	Fix a false positive for `Style/MutableConstant` with `Data.define`.
Style/NegatedIf	1.91.0	Changes	LOW-other	Disable `Style/IfUnlessModifier`, `Style/GuardClause`, `Style/Next`, `Style/ClassAndModuleChildren`, `Style/DoubleNegation`, `Style/NumericPredicate`, `Style/SpecialGlobalVars`, `Style/PerlBackrefs`, `Style/FrozenStringLiteralComment`, `Style/FormatStringToken`, `Style/FormatString`, `Style/RegexpLiteral`, `Style/SignalException`, `Style/Lambda`, `Style/ParallelAssignment`, `Style/RaiseArgs`, `Style/ModuleFunction`, `Style/BlockDelimiters`, `Style/NumericLiterals`, `Style/NegatedIf`, `Naming/VariableNumber`, `Naming/HeredocDelimiterNaming`, `Layout/EmptyLineAfterGuardClause` and `Bundler/OrderedGems` under `Preview`, ahead of them being disabled by default in RuboCop 2.0.
Style/NegatedWhile	1.85.0	Bug fixes	LOW-other	Fix an error in `Style/NegatedWhile` when the last expression of an `until` condition is negated.
Style/NegativeArrayIndex	1.89.0	Bug fixes	HIGH-crash/hang	Fix an error for `Style/NegativeArrayIndex` cop.
Style/NestedModifier	1.91.0	Bug fixes	HIGH-autocorrect	Fix an incorrect autocorrect for `Style/NestedModifier`.
Style/Next	1.88.0	Bug fixes	HIGH-autocorrect	Fix an incorrect autocorrect when `Style/IfUnlessModifier` and `Style/Next` correct the same conditional.
Style/Next	1.91.0	Changes	LOW-other	Disable `Style/IfUnlessModifier`, `Style/GuardClause`, `Style/Next`, `Style/ClassAndModuleChildren`, `Style/DoubleNegation`, `Style/NumericPredicate`, `Style/SpecialGlobalVars`, `Style/PerlBackrefs`, `Style/FrozenStringLiteralComment`, `Style/FormatStringToken`, `Style/FormatString`, `Style/RegexpLiteral`, `Style/SignalException`, `Style/Lambda`, `Style/ParallelAssignment`, `Style/RaiseArgs`, `Style/ModuleFunction`, `Style/BlockDelimiters`, `Style/NumericLiterals`, `Style/NegatedIf`, `Naming/VariableNumber`, `Naming/HeredocDelimiterNaming`, `Layout/EmptyLineAfterGuardClause` and `Bundler/OrderedGems` under `Preview`, ahead of them being disabled by default in RuboCop 2.0.
Style/NilComparison	1.91.0	Bug fixes	HIGH-autocorrect	Fix incorrect autocorrects for `Style/NilComparison` with precedence-sensitive operands.
Style/NilLambda	1.88.1	Bug fixes	HIGH-autocorrect	Fix an incorrect autocorrect for `Style/NilLambda` when a non-lambda proc returns `nil` with `return`.
Style/NonNilCheck	1.86.0	Bug fixes	LOW-other	Fix `Style/NonNilCheck` autocorrect for receivers containing spaces.
Style/NonNilCheck	1.91.0	Bug fixes	HIGH-autocorrect	Fix an incorrect autocorrect for `Style/NonNilCheck`.
Style/Not	1.91.0	Bug fixes	HIGH-autocorrect	Fix an incorrect autocorrect for `Style/Not` with a flip-flop or assignment.
Style/NumericLiteralPrefix	1.91.0	Bug fixes	HIGH-crash/hang	Fix an infinite loop for `Style/NumericLiteralPrefix` with signed literals.
Style/NumericLiterals	1.91.0	Changes	LOW-other	Disable `Style/IfUnlessModifier`, `Style/GuardClause`, `Style/Next`, `Style/ClassAndModuleChildren`, `Style/DoubleNegation`, `Style/NumericPredicate`, `Style/SpecialGlobalVars`, `Style/PerlBackrefs`, `Style/FrozenStringLiteralComment`, `Style/FormatStringToken`, `Style/FormatString`, `Style/RegexpLiteral`, `Style/SignalException`, `Style/Lambda`, `Style/ParallelAssignment`, `Style/RaiseArgs`, `Style/ModuleFunction`, `Style/BlockDelimiters`, `Style/NumericLiterals`, `Style/NegatedIf`, `Naming/VariableNumber`, `Naming/HeredocDelimiterNaming`, `Layout/EmptyLineAfterGuardClause` and `Bundler/OrderedGems` under `Preview`, ahead of them being disabled by default in RuboCop 2.0.
Style/NumericPredicate	1.88.1	Bug fixes	MED-fp/fn	Fix a false positive for `Style/NumericPredicate` when an allowed method encloses a numbered-parameter or `it` block.
Style/NumericPredicate	1.91.0	Changes	LOW-other	Disable `Style/IfUnlessModifier`, `Style/GuardClause`, `Style/Next`, `Style/ClassAndModuleChildren`, `Style/DoubleNegation`, `Style/NumericPredicate`, `Style/SpecialGlobalVars`, `Style/PerlBackrefs`, `Style/FrozenStringLiteralComment`, `Style/FormatStringToken`, `Style/FormatString`, `Style/RegexpLiteral`, `Style/SignalException`, `Style/Lambda`, `Style/ParallelAssignment`, `Style/RaiseArgs`, `Style/ModuleFunction`, `Style/BlockDelimiters`, `Style/NumericLiterals`, `Style/NegatedIf`, `Naming/VariableNumber`, `Naming/HeredocDelimiterNaming`, `Layout/EmptyLineAfterGuardClause` and `Bundler/OrderedGems` under `Preview`, ahead of them being disabled by default in RuboCop 2.0.
Style/OpenStructUse	1.88.1	Bug fixes	HIGH-crash/hang	Fix a crash for `Style/OpenStructUse` with a bare `OpenStruct` root node.
Style/OptionHash	1.88.1	Bug fixes	MED-fp/fn	Fix a false positive for `Style/OptionHash` when the options hash is forwarded with an explicit `super`.
Style/OptionalArguments	1.88.1	Bug fixes	MED-fp/fn	Fix a false negative for `Style/OptionalArguments` with singleton methods.
Style/ParallelAssignment	1.88.0	Bug fixes	HIGH-autocorrect	Fix an incorrect autocorrect for `Style/ParallelAssignment` when the right-hand side contains a heredoc.
Style/ParallelAssignment	1.88.1	Bug fixes	HIGH-autocorrect	Fix an incorrect autocorrect for `Style/ParallelAssignment` with a `%i` element needing quoting.
Style/ParallelAssignment	1.88.1	Bug fixes	HIGH-autocorrect	Fix an incorrect autocorrect for `Style/ParallelAssignment` with a `%w` element needing escaping.
Style/ParallelAssignment	1.91.0	Changes	LOW-other	Disable `Style/IfUnlessModifier`, `Style/GuardClause`, `Style/Next`, `Style/ClassAndModuleChildren`, `Style/DoubleNegation`, `Style/NumericPredicate`, `Style/SpecialGlobalVars`, `Style/PerlBackrefs`, `Style/FrozenStringLiteralComment`, `Style/FormatStringToken`, `Style/FormatString`, `Style/RegexpLiteral`, `Style/SignalException`, `Style/Lambda`, `Style/ParallelAssignment`, `Style/RaiseArgs`, `Style/ModuleFunction`, `Style/BlockDelimiters`, `Style/NumericLiterals`, `Style/NegatedIf`, `Naming/VariableNumber`, `Naming/HeredocDelimiterNaming`, `Layout/EmptyLineAfterGuardClause` and `Bundler/OrderedGems` under `Preview`, ahead of them being disabled by default in RuboCop 2.0.
Style/ParenthesesAroundCondition	1.91.0	Bug fixes	HIGH-crash/hang	Fix an infinite loop between `Style/ParenthesesAroundCondition` with `AllowSafeAssignment: false` and `Lint/AssignmentInCondition`.
Style/PercentLiteralDelimiters	1.88.1	Bug fixes	HIGH-autocorrect	Fix an incorrect autocorrect for `Style/PercentLiteralDelimiters` that produced invalid Ruby for a `%s` symbol whose content contains the preferred delimiter.
Style/PerlBackrefs	1.88.1	Bug fixes	HIGH-autocorrect	Fix an incorrect autocorrect for `Style/PerlBackrefs` that rewrote `$+`/`$LAST_PAREN_MATCH` to the non-equivalent `Regexp.last_match(-1)`; these are no longer flagged.
Style/PerlBackrefs	1.91.0	Changes	LOW-other	Disable `Style/IfUnlessModifier`, `Style/GuardClause`, `Style/Next`, `Style/ClassAndModuleChildren`, `Style/DoubleNegation`, `Style/NumericPredicate`, `Style/SpecialGlobalVars`, `Style/PerlBackrefs`, `Style/FrozenStringLiteralComment`, `Style/FormatStringToken`, `Style/FormatString`, `Style/RegexpLiteral`, `Style/SignalException`, `Style/Lambda`, `Style/ParallelAssignment`, `Style/RaiseArgs`, `Style/ModuleFunction`, `Style/BlockDelimiters`, `Style/NumericLiterals`, `Style/NegatedIf`, `Naming/VariableNumber`, `Naming/HeredocDelimiterNaming`, `Layout/EmptyLineAfterGuardClause` and `Bundler/OrderedGems` under `Preview`, ahead of them being disabled by default in RuboCop 2.0.
Style/RaiseArgs	1.86.0	Bug fixes	LOW-other	Fix `Style/RaiseArgs` to allow anonymous keyword forwarding (`raise Ex.new(**)`).
Style/RaiseArgs	1.91.0	Changes	LOW-other	Disable `Style/IfUnlessModifier`, `Style/GuardClause`, `Style/Next`, `Style/ClassAndModuleChildren`, `Style/DoubleNegation`, `Style/NumericPredicate`, `Style/SpecialGlobalVars`, `Style/PerlBackrefs`, `Style/FrozenStringLiteralComment`, `Style/FormatStringToken`, `Style/FormatString`, `Style/RegexpLiteral`, `Style/SignalException`, `Style/Lambda`, `Style/ParallelAssignment`, `Style/RaiseArgs`, `Style/ModuleFunction`, `Style/BlockDelimiters`, `Style/NumericLiterals`, `Style/NegatedIf`, `Naming/VariableNumber`, `Naming/HeredocDelimiterNaming`, `Layout/EmptyLineAfterGuardClause` and `Bundler/OrderedGems` under `Preview`, ahead of them being disabled by default in RuboCop 2.0.
Style/RedundantAssignment	1.89.0	Changes	LOW-other	Do not autocorrect `Style/RedundantAssignment` offenses when there are comments between assignment and reference.
Style/RedundantConstantBase	1.89.0	Bug fixes	MED-fp/fn	Fix false negatives for `Style/RedundantConstantBase` inside namespaces when the constant provably resolves identically without `::` (`UseProjectIndex`).
Style/RedundantCurrentDirectoryInPath	1.88.2	Bug fixes	MED-fp/fn	Fix a false negative for `Style/RedundantCurrentDirectoryInPath` with double-quoted strings containing interpolation.
Style/RedundantDoubleSplatHashBraces	1.91.0	Bug fixes	HIGH-autocorrect	Fix an incorrect autocorrect for `Style/RedundantDoubleSplatHashBraces` with a braced `merge` argument.
Style/RedundantException	1.88.1	Bug fixes	HIGH-autocorrect	Fix an incorrect autocorrect for `Style/RedundantException` that changed the exception message when raising `RuntimeError` with a `nil` message.
Style/RedundantFileExtensionInRequire	1.89.0	Bug fixes	HIGH-autocorrect	Fix an incorrect autocorrect for `Style/RedundantFileExtensionInRequire` that produced invalid Ruby when a backslash preceded the `.rb` extension.
Style/RedundantFilterChain	1.88.1	Bug fixes	MED-fp/fn	Fix a false negative for `Style/RedundantFilterChain` with numbered-parameter blocks.
Style/RedundantFormat	1.88.0	Bug fixes	HIGH-crash/hang	Fix an error for `Style/RedundantFormat` when the format string is a heredoc with format arguments.
Style/RedundantFormat	1.88.1	Bug fixes	MED-fp/fn	Fix a false positive for `Style/RedundantFormat` with a lone format sequence.
Style/RedundantFormat	1.88.1	Bug fixes	HIGH-autocorrect	Fix an incorrect autocorrect for `Style/RedundantFormat` with a `nil` argument.
Style/RedundantFormat	1.89.0	Bug fixes	HIGH-crash/hang	Fix an error for `Style/RedundantFormat` when a format string uses a positional argument number beyond the 64-bit range.
Style/RedundantFormat	1.89.0	Bug fixes	HIGH-crash/hang	Fix an error for `Style/RedundantFormat` when the argument for a positional variable width is missing.
Style/RedundantHeredocDelimiterQuotes	1.88.2	Bug fixes	MED-fp/fn	Fix a false negative for `Style/RedundantHeredocDelimiterQuotes` with double-quoted delimiters whose body contains interpolation or escapes.
Style/RedundantInterpolationUnfreeze	1.85.0	Changes	LOW-other	Add support for `String.new` with interpolated strings to `Style/RedundantInterpolationUnfreeze`.
Style/RedundantLineContinuation	1.86.1	Bug fixes	MED-fp/fn	Fix false positive for `Style/RedundantLineContinuation` when using interpolated string literals.
Style/RedundantLineContinuation	1.88.1	Bug fixes	HIGH-autocorrect	Fix an incorrect autocorrect for `Style/RedundantLineContinuation` that corrupted an earlier line when removing a line continuation at the end of a multi-line file.
Style/RedundantLineContinuation	1.89.0	Bug fixes	MED-fp/fn	Fix false negatives for `Style/RedundantLineContinuation` by verifying backslash removal against a reparse of the source instead of hand-written grammar rules.
Style/RedundantLineContinuation	1.89.0	Changes	LOW-other	Improve `Style/RedundantLineContinuation` performance on files with many adjacent string literals joined by line continuations.
Style/RedundantParentheses	1.85.0	Changes	LOW-other	Register redundant parentheses around block body in `Style/RedundantParentheses`.
Style/RedundantParentheses	1.85.1	Bug fixes	MED-fp/fn	Fix false positives in `Style/RedundantParentheses` when parenthesizing a range in a block body.
Style/RedundantParentheses	1.86.0	Bug fixes	MED-fp/fn	Fix false negative in `Style/RedundantParentheses` when redundant parentheses around range literals in block body.
Style/RedundantParentheses	1.86.1	Bug fixes	MED-fp/fn	Fix false positives in `Style/RedundantParentheses` when using parentheses around an endless range in assignment.
Style/RedundantParentheses	1.86.1	Bug fixes	LOW-other	Fix `Style/RedundantParentheses` handling of beginless ranges.
Style/RedundantParentheses	1.87.0	Bug fixes	HIGH-autocorrect	Fix incorrect autocorrect for `Style/RedundantParentheses` that swallowed chained method calls into a trailing inline comment on the line above the closing parenthesis.
Style/RedundantParentheses	1.88.1	Bug fixes	HIGH-crash/hang	Fix an infinite loop between `Lint/AssignmentInCondition` and `Style/RedundantParentheses` when an assignment is a statement of a multi-statement `begin` in a condition.
Style/RedundantParentheses	1.89.0	Changes	LOW-other	Change `Style/RedundantParentheses` to verify each correction by reparsing before registering an offense.
Style/RedundantParentheses	1.91.0	Bug fixes	HIGH-autocorrect	Fix an incorrect autocorrect for `Style/RedundantParentheses` around `and`/`or`.
Style/RedundantPercentQ	1.86.0	Bug fixes	MED-fp/fn	Fix false negative in `Style/RedundantPercentQ` for `%q` strings with interpolation-like syntax.
Style/RedundantRegexpCharacterClass	1.91.0	Bug fixes	MED-fp/fn	Fix a false positive for `Style/RedundantRegexpCharacterClass` with `\8`/`\9`.
Style/RedundantRegexpConstructor	1.91.0	Bug fixes	HIGH-autocorrect	Fix an incorrect autocorrect for `Style/RedundantRegexpConstructor` with `%r{}` delimiters.
Style/RedundantRegexpEscape	1.88.1	Bug fixes	HIGH-autocorrect	Fix an incorrect autocorrect for `Style/RedundantRegexpEscape` that stripped a necessary `\@`/`\$` escape after `#` in `%r{}`/`%r//` literals, enabling unintended interpolation.
Style/RedundantSelf	1.86.2	Bug fixes	MED-fp/fn	Fix false negatives in `Style/RedundantSelf` when an explicit `self` receiver in one scope matches the LHS of an `||=`, `&&=`, or `op_asgn` in another scope.
Style/RedundantSelf	1.88.1	Bug fixes	MED-fp/fn	Fix a false positive for `Style/RedundantSelf` with a rescue exception variable.
Style/RegexpLiteral	1.86.2	Bug fixes	HIGH-autocorrect	Fix an incorrect autocorrect in `Style/RegexpLiteral` when the regexp contains unbalanced braces that conflict with the preferred `%r` delimiters.
Style/RegexpLiteral	1.91.0	Changes	LOW-other	Disable `Style/IfUnlessModifier`, `Style/GuardClause`, `Style/Next`, `Style/ClassAndModuleChildren`, `Style/DoubleNegation`, `Style/NumericPredicate`, `Style/SpecialGlobalVars`, `Style/PerlBackrefs`, `Style/FrozenStringLiteralComment`, `Style/FormatStringToken`, `Style/FormatString`, `Style/RegexpLiteral`, `Style/SignalException`, `Style/Lambda`, `Style/ParallelAssignment`, `Style/RaiseArgs`, `Style/ModuleFunction`, `Style/BlockDelimiters`, `Style/NumericLiterals`, `Style/NegatedIf`, `Naming/VariableNumber`, `Naming/HeredocDelimiterNaming`, `Layout/EmptyLineAfterGuardClause` and `Bundler/OrderedGems` under `Preview`, ahead of them being disabled by default in RuboCop 2.0.
Style/RescueStandardError	1.91.0	Changes	LOW-other	Set the community-preferred `EnforcedStyle` of `Style/StringLiterals`, `Style/StringLiteralsInInterpolation`, `Layout/CaseIndentation`, `Layout/EndAlignment`, `Layout/MultilineMethodCallIndentation`, `Layout/MultilineOperationIndentation`, `Layout/FirstHashElementIndentation`, `Layout/FirstArrayElementIndentation`, `Layout/ParameterAlignment`, `Layout/ArgumentAlignment`, `Style/EmptyMethod`, `Style/Alias`, `Style/RescueStandardError` and `Style/TernaryParentheses` under `Preview`, ahead of them becoming the defaults in RuboCop 2.0.
Style/Sample	1.90.0	Bug fixes	HIGH-autocorrect	Fix an incorrect autocorrect for `Style/Sample` when `shuffle` is given a `random:` argument; the offense is still reported but no longer autocorrected, since `shuffle` and `sample` consume a seeded generator differently and would select different elements.
Style/Semicolon	1.88.0	Bug fixes	HIGH-autocorrect	Fix an incorrect autocorrect for `Style/Semicolon` when a heredoc is opened before the semicolon.
Style/Semicolon	1.88.1	Bug fixes	MED-fp/fn	Fix a false positive for `Style/Semicolon` with a semicolon inside a string literal.
Style/SignalException	1.91.0	Changes	LOW-other	Disable `Style/IfUnlessModifier`, `Style/GuardClause`, `Style/Next`, `Style/ClassAndModuleChildren`, `Style/DoubleNegation`, `Style/NumericPredicate`, `Style/SpecialGlobalVars`, `Style/PerlBackrefs`, `Style/FrozenStringLiteralComment`, `Style/FormatStringToken`, `Style/FormatString`, `Style/RegexpLiteral`, `Style/SignalException`, `Style/Lambda`, `Style/ParallelAssignment`, `Style/RaiseArgs`, `Style/ModuleFunction`, `Style/BlockDelimiters`, `Style/NumericLiterals`, `Style/NegatedIf`, `Naming/VariableNumber`, `Naming/HeredocDelimiterNaming`, `Layout/EmptyLineAfterGuardClause` and `Bundler/OrderedGems` under `Preview`, ahead of them being disabled by default in RuboCop 2.0.
Style/SingleLineDoEndBlock	1.88.1	Bug fixes	HIGH-autocorrect	Fix an incorrect autocorrect for `Style/SingleLineDoEndBlock` when the block body contains a heredoc.
Style/SingleLineMethods	1.91.0	Bug fixes	HIGH-crash/hang	Fix an infinite loop between `Style/EmptyMethod` and `Style/SingleLineMethods` with `AllowIfMethodIsEmpty: false`.
Style/SoleNestedConditional	1.86.2	Bug fixes	LOW-other	Fix an error in `Style/SoleNestedConditional` when autocorrecting nested conditionals containing comments.
Style/SoleNestedConditional	1.89.0	Changes	LOW-other	Change `Style/SoleNestedConditional` to only register an offense when its correction is verified to parse.
Style/SpecialGlobalVars	1.91.0	Changes	LOW-other	Disable `Style/IfUnlessModifier`, `Style/GuardClause`, `Style/Next`, `Style/ClassAndModuleChildren`, `Style/DoubleNegation`, `Style/NumericPredicate`, `Style/SpecialGlobalVars`, `Style/PerlBackrefs`, `Style/FrozenStringLiteralComment`, `Style/FormatStringToken`, `Style/FormatString`, `Style/RegexpLiteral`, `Style/SignalException`, `Style/Lambda`, `Style/ParallelAssignment`, `Style/RaiseArgs`, `Style/ModuleFunction`, `Style/BlockDelimiters`, `Style/NumericLiterals`, `Style/NegatedIf`, `Naming/VariableNumber`, `Naming/HeredocDelimiterNaming`, `Layout/EmptyLineAfterGuardClause` and `Bundler/OrderedGems` under `Preview`, ahead of them being disabled by default in RuboCop 2.0.
Style/StaticClass	1.89.0	Bug fixes	MED-fp/fn	Fix a false positive for `Style/StaticClass` when the class is subclassed elsewhere in the project (`UseProjectIndex`).
Style/StringConcatenation	1.90.0	Bug fixes	LOW-other	Preserve escape notation in `Style/StringConcatenation` autocorrect.
Style/StringHashKeys	1.88.1	Bug fixes	HIGH-autocorrect	Fix an incorrect autocorrect for `Style/StringHashKeys` when the hash key is a heredoc.
Style/StringLiterals	1.91.0	Changes	LOW-other	Set the community-preferred `EnforcedStyle` of `Style/StringLiterals`, `Style/StringLiteralsInInterpolation`, `Layout/CaseIndentation`, `Layout/EndAlignment`, `Layout/MultilineMethodCallIndentation`, `Layout/MultilineOperationIndentation`, `Layout/FirstHashElementIndentation`, `Layout/FirstArrayElementIndentation`, `Layout/ParameterAlignment`, `Layout/ArgumentAlignment`, `Style/EmptyMethod`, `Style/Alias`, `Style/RescueStandardError` and `Style/TernaryParentheses` under `Preview`, ahead of them becoming the defaults in RuboCop 2.0.
Style/StringLiteralsInInterpolation	1.91.0	Changes	LOW-other	Set the community-preferred `EnforcedStyle` of `Style/StringLiterals`, `Style/StringLiteralsInInterpolation`, `Layout/CaseIndentation`, `Layout/EndAlignment`, `Layout/MultilineMethodCallIndentation`, `Layout/MultilineOperationIndentation`, `Layout/FirstHashElementIndentation`, `Layout/FirstArrayElementIndentation`, `Layout/ParameterAlignment`, `Layout/ArgumentAlignment`, `Style/EmptyMethod`, `Style/Alias`, `Style/RescueStandardError` and `Style/TernaryParentheses` under `Preview`, ahead of them becoming the defaults in RuboCop 2.0.
Style/StructInheritance	1.87.0	Bug fixes	HIGH-autocorrect	Fix incorrect autocorrect for `Style/StructInheritance` causing a syntax error when the inherited `Struct.new` is called without parentheses.
Style/StructInheritance	1.88.2	Bug fixes	LOW-other	Fix `Style/StructInheritance` autocorrect dropping leading indentation when class is inside a module or namespace.
Style/StructInheritance	1.91.0	Bug fixes	LOW-other	Fix `Style/StructInheritance` to not register an offense when the class body defines constants, nested classes, or nested modules.
Style/SymbolArray	1.91.0	Changes	LOW-other	Set the `EnforcedStyle` of `Style/SymbolArray` and `Style/WordArray` to `brackets` under `Preview`, ahead of it becoming the default in RuboCop 2.0.
Style/SymbolProc	1.86.0	Bug fixes	MED-fp/fn	Fix a false positive for `Lint/RedundantCopDisableDirective` when a `rubocop:disable` comment is used to suppress `Lint/EmptyWhen`, `Lint/EmptyConditionalBody`, `Lint/EmptyInPattern`, or `Style/SymbolProc`.
Style/SymbolProc	1.89.0	Bug fixes	LOW-other	Fix incompatible autocorrect between `Style/Lambda` and `Style/SymbolProc` producing a syntax error like `->(x)(&:method)` when both cops run on `lambda { |x| x.method }`.
Style/TernaryParentheses	1.88.1	Bug fixes	HIGH-autocorrect	Fix an incorrect autocorrect for `Style/TernaryParentheses` when the condition is a modifier `if`/`unless` expression.
Style/TernaryParentheses	1.91.0	Changes	LOW-other	Set the community-preferred `EnforcedStyle` of `Style/StringLiterals`, `Style/StringLiteralsInInterpolation`, `Layout/CaseIndentation`, `Layout/EndAlignment`, `Layout/MultilineMethodCallIndentation`, `Layout/MultilineOperationIndentation`, `Layout/FirstHashElementIndentation`, `Layout/FirstArrayElementIndentation`, `Layout/ParameterAlignment`, `Layout/ArgumentAlignment`, `Style/EmptyMethod`, `Style/Alias`, `Style/RescueStandardError` and `Style/TernaryParentheses` under `Preview`, ahead of them becoming the defaults in RuboCop 2.0.
Style/TrailingCommaInArguments	1.91.0	Bug fixes	HIGH-autocorrect	Fix an incorrect autocorrect for `Style/MethodCallWithArgsParentheses` when `EnforcedStyle: omit_parentheses` is used together with `Style/TrailingCommaInArguments`.
Style/TrailingMethodEndStatement	1.86.0	Bug fixes	LOW-other	Fix `Style/TrailingMethodEndStatement` to detect singleton methods (`def self.foo`).
Style/TrailingUnderscoreVariable	1.88.1	Bug fixes	HIGH-crash/hang	Fix a crash for `Style/TrailingUnderscoreVariable` when a nested destructuring group consists only of underscore variables.
Style/TrivialAccessors	1.88.2	Bug fixes	HIGH-autocorrect	Fix an incorrect autocorrect for `Style/TrivialAccessors` when `AllowPredicates: false` is set and a trivial reader is defined as a predicate class method.
Style/WhileUntilDo	1.88.0	Bug fixes	MED-fp/fn	Fix false positives in `Style/WhileUntilDo` when the loop body is on the same line as the `do` keyword.
Style/WhileUntilModifier	1.86.2	Bug fixes	MED-fp/fn	Fix false positive for `Style/WhileUntilModifier` when the body is a conditional.
Style/WhileUntilModifier	1.89.0	Changes	LOW-other	Make `Style/IfUnlessModifier`, `Style/WhileUntilModifier`, `Style/GuardClause`, and other modifier cops respect `Layout/LineLength` exemptions (allowed patterns, cop directives, allowed URIs) when checking whether the modifier form fits on one line.
Style/WordArray	1.88.0	Bug fixes	HIGH-autocorrect	Fix an incorrect autocorrect for `Style/WordArray` when the array contains heredocs.
Style/WordArray	1.91.0	Changes	LOW-other	Set the `EnforcedStyle` of `Style/SymbolArray` and `Style/WordArray` to `brackets` under `Preview`, ahead of it becoming the default in RuboCop 2.0.
Style/YodaCondition	1.87.0	Bug fixes	MED-fp/fn	Fix false positives in `Style/YodaCondition` when one side is an array or hash literal containing non-literal elements.
Style/ZeroLengthPredicate	1.88.0	Bug fixes	MED-fp/fn	Fix a false positive for `Style/ZeroLengthPredicate` when `File::Stat.new(...).size.zero?` is used.
